<?xml version="1.0" encoding="utf-8"?>
<COLLADA xmlns="http://www.collada.org/2005/11/COLLADASchema" version="1.4.1" xmlns:xsi="http://www.w3.org/2001/XMLSchema-instance">
  <asset>
    <contributor>
      <author>Blender User</author>
      <authoring_tool>Blender 4.5.2 LTS commit date:2025-08-19, commit time:15:00, hash:ab25eae04993</authoring_tool>
    </contributor>
    <created>2025-09-08T15:14:17</created>
    <modified>2025-09-08T15:14:17</modified>
    <unit name="meter" meter="1"/>
    <up_axis>Z_UP</up_axis>
  </asset>
  <library_effects/>
  <library_images/>
  <library_geometries>
    <geometry id="Room_019-mesh" name="Room.019">
      <mesh>
        <source id="Room_019-mesh-positions">
          <float_array id="Room_019-mesh-positions-array" count="2085">-17.10787 -7.256528 2.410783 -17.10787 -7.256528 0.01078319 -15.77786 -7.256528 2.410783 -15.77786 -7.256528 0.01078319 -15.77786 7.693472 2.410783 -15.77786 7.693472 0.01078319 -6.527863 7.693472 2.410783 -6.527863 7.693472 0.01078319 -6.527863 7.133472 2.410783 -6.527863 7.133472 0.01078319 -7.027863 7.133472 2.410783 -7.027863 7.133472 0.01078319 -7.027863 3.903473 2.410783 -7.027863 3.903473 0.01078319 -1.677864 3.903473 2.410783 -1.677864 3.903473 0.01078319 -1.677864 4.933472 2.410783 -1.677864 4.933472 0.01078319 3.522137 4.933472 2.410783 3.522137 4.933472 0.01078319 3.522137 3.863473 2.410783 3.522137 3.863473 0.01078319 6.577137 3.863473 2.410783 6.577137 3.863473 0.01078319 6.577137 7.758472 2.410783 6.577137 7.758472 0.01078319 16.08814 7.758472 2.410783 16.08814 7.758472 0.01078319 16.08814 -7.861528 2.410783 16.08814 -7.861528 0.01078319 2.478136 -7.861528 2.410783 2.478136 -7.861528 0.01078319 2.478136 -5.181528 2.410783 2.478136 -5.181528 0.01078319 -0.7218646 -5.181528 2.410783 -0.7218646 -5.181528 0.01078319 -0.7218646 -7.901528 2.410783 -0.7218646 -7.901528 0.01078319 -15.77186 -7.901528 2.410783 -15.77186 -7.901528 0.01078319 -15.77186 -6.901527 2.410783 -15.77186 -6.901527 0.01078319 -17.10787 -7.256528 0.1307832 -15.77786 -7.256528 0.1307832 -15.77786 7.693472 0.1307832 -6.527863 7.693472 0.1307832 -6.527863 7.133472 0.1307832 -7.027863 7.133472 0.1307832 -7.027863 3.903473 0.1307832 -1.677864 3.903473 0.1307832 -1.677864 4.933472 0.1307832 3.522137 4.933472 0.1307832 3.522137 3.863473 0.1307832 6.577137 3.863473 0.1307832 6.577137 7.758472 0.1307832 16.08814 7.758472 0.1307832 16.08814 -7.861528 0.1307832 2.478136 -7.861528 0.1307832 2.478136 -5.181528 0.1307832 -0.7218646 -5.181528 0.1307832 -0.7218646 -7.901528 0.1307832 -15.77186 -7.901528 0.1307832 -15.77186 -6.901527 0.1307832 -17.10871 -7.264219 2.419229 -17.10871 -7.264219 0.01922893 -17.10871 7.86578 2.419229 -17.10871 7.86578 0.01922893 -0.3587074 7.86578 2.419229 -0.3587074 7.86578 0.01922893 -0.3587074 6.34578 2.419229 -0.3587074 6.34578 0.01922893 0.3412933 6.34578 2.419229 0.3412933 6.34578 0.01922893 0.3412933 5.18578 2.419229 0.3412933 5.18578 0.01922893 1.731293 5.18578 2.419229 1.731293 5.18578 0.01922893 1.731293 9.785779 2.419229 1.731293 9.785779 0.01922893 4.231293 9.785779 2.419229 4.231293 9.785779 0.01922893 4.231293 7.755779 2.419229 4.231293 7.755779 0.01922893 6.731293 7.755779 2.419229 6.731293 7.755779 0.01922893 -17.10871 -7.264219 0.1392289 -17.10871 7.86578 0.1392289 -0.3587074 7.86578 0.1392289 -0.3587074 6.34578 0.1392289 0.3412933 6.34578 0.1392289 0.3412933 5.18578 0.1392289 1.731293 5.18578 0.1392289 1.731293 9.785779 0.1392289 4.231293 9.785779 0.1392289 4.231293 7.755779 0.1392289 6.731293 7.755779 0.1392289 -11.79948 7.553467 2.4 -11.79948 7.553467 0 -11.84948 7.553467 2.4 -11.84948 7.553467 0 -11.84948 4.443468 2.4 -11.84948 4.443468 0 -10.33948 4.443468 2.4 -10.33948 4.443468 0 -11.79948 7.553467 0.12 -11.84948 7.553467 0.12 -11.84948 4.443468 0.12 -10.33948 4.443468 0.12 -9.665973 7.618303 2.4 -9.665973 7.618303 0 -9.655973 7.618303 2.4 -9.655973 7.618303 0 -9.655973 4.418303 2.4 -9.655973 4.418303 0 -7.755973 4.418303 2.4 -7.755973 4.418303 0 -9.665973 7.618303 0.12 -9.655973 7.618303 0.12 -9.655973 4.418303 0.12 -7.755973 4.418303 0.12 -15.65951 2.542754 2.4 -15.65951 2.542754 0 -1.819512 2.542754 2.4 -1.819512 2.542754 0 -1.819512 -1.227246 2.4 -1.819512 -1.227246 0 -3.309512 -1.227246 2.4 -3.309512 -1.227246 0 -3.309512 0.282754 2.4 -3.309512 0.282754 0 -3.989512 0.282754 2.4 -3.989512 0.282754 0 -3.989512 -1.267246 2.4 -3.989512 -1.267246 0 -4.819512 -1.267246 2.4 -4.819512 -1.267246 0 -4.819512 2.402754 2.4 -4.819512 2.402754 0 -7.239512 2.402754 2.4 -7.239512 2.402754 0 -7.239512 -0.527246 2.4 -7.239512 -0.527246 0 -5.549512 -0.527246 2.4 -5.549512 -0.527246 0 -15.65951 2.542754 0.12 -1.819512 2.542754 0.12 -1.819512 -1.227246 0.12 -3.309512 -1.227246 0.12 -3.309512 0.282754 0.12 -3.989512 0.282754 0.12 -3.989512 -1.267246 0.12 -4.819512 -1.267246 0.12 -4.819512 2.402754 0.12 -7.239512 2.402754 0.12 -7.239512 -0.527246 0.12 -5.549512 -0.527246 0.12 -9.576553 2.446942 2.4 -9.576553 2.446942 0 -9.626553 2.446942 2.4 -9.626553 2.446942 0 -9.626553 -0.6630583 2.4 -9.626553 -0.6630583 0 -8.146553 -0.6630583 2.4 -8.146553 -0.6630583 0 -9.576553 2.446942 0.12 -9.626553 2.446942 0.12 -9.626553 -0.6630583 0.12 -8.146553 -0.6630583 0.12 -15.70344 -2.702258 2.4 -15.70344 -2.702258 0 -1.833442 -2.702258 2.4 -1.833442 -2.702258 0 -15.70344 -2.702258 0.12 -1.833442 -2.702258 0.12 -5.450014 -6.878951 2.4 -5.450014 -6.878951 0 -4.030014 -6.878951 2.4 -4.030014 -6.878951 0 -4.030014 -3.928951 2.4 -4.030014 -3.928951 0 -5.520014 -3.928951 2.4 -5.520014 -3.928951 0 -5.450014 -6.878951 0.12 -4.030014 -6.878951 0.12 -4.030014 -3.928951 0.12 -5.520014 -3.928951 0.12 -3.200031 -7.755745 2.4 -3.200031 -7.755745 0 -3.070031 -7.755745 2.4 -3.070031 -7.755745 0 -3.070031 -3.965744 2.4 -3.070031 -3.965744 0 -1.950031 -3.965744 2.4 -1.950031 -3.965744 0 -1.950031 -4.345745 2.4 -1.950031 -4.345745 0 3.489969 -4.345745 2.4 3.489969 -4.345745 0 3.489969 -3.825744 2.4 3.489969 -3.825744 0 4.999969 -3.825744 2.4 4.999969 -3.825744 0 4.999969 -7.865745 2.4 4.999969 -7.865745 0 -3.200031 -7.755745 0.12 -3.070031 -7.755745 0.12 -3.070031 -3.965744 0.12 -1.950031 -3.965744 0.12 -1.950031 -4.345745 0.12 3.489969 -4.345745 0.12 3.489969 -3.825744 0.12 4.999969 -3.825744 0.12 4.999969 -7.865745 0.12 4.935223 -4.12617 2.4 4.935223 -4.12617 0 5.875223 -4.12617 2.4 5.875223 -4.12617 0 5.875223 -6.90617 2.4 5.875223 -6.90617 0 6.635223 -6.90617 2.4 6.635223 -6.90617 0 6.635223 -3.986171 2.4 6.635223 -3.986171 0 6.015223 -3.986171 2.4 6.015223 -3.986171 0 4.935223 -4.12617 0.12 5.875223 -4.12617 0.12 5.875223 -6.90617 0.12 6.635223 -6.90617 0.12 6.635223 -3.986171 0.12 6.015223 -3.986171 0.12 6.461145 -6.85051 2.4 6.461145 -6.85051 0 6.621145 -6.85051 2.4 6.621145 -6.85051 0 6.621145 -7.830511 2.4 6.621145 -7.830511 0 6.461145 -6.85051 0.12 6.621145 -6.85051 0.12 6.621145 -7.830511 0.12 8.90894 -7.787803 2.4 8.90894 -7.787803 0 9.128939 -7.787803 2.4 9.128939 -7.787803 0 9.128939 -3.487803 2.4 9.128939 -3.487803 0 8.90894 -7.787803 0.12 9.128939 -7.787803 0.12 9.128939 -3.487803 0.12 6.534279 -4.06561 2.4 6.534279 -4.06561 0 6.48428 -4.06561 2.4 6.48428 -4.06561 0 6.48428 -2.55561 2.4 6.48428 -2.55561 0 10.12428 -2.55561 2.4 10.12428 -2.55561 0 6.534279 -4.06561 0.12 6.48428 -4.06561 0.12 6.48428 -2.55561 0.12 10.12428 -2.55561 0.12 6.542622 -2.63047 2.4 6.542622 -2.63047 0 3.582623 -2.63047 2.4 3.582623 -2.63047 0 6.542622 -2.63047 0.12 3.582623 -2.63047 0.12 10.05509 2.535557 2.4 10.05509 2.535557 0 3.615089 2.535557 2.4 3.615089 2.535557 0 3.615089 -1.234443 2.4 3.615089 -1.234443 0 6.655088 -1.234443 2.4 6.655088 -1.234443 0 6.655088 2.435557 2.4 6.655088 2.435557 0 10.05509 2.535557 0.12 3.615089 2.535557 0.12 3.615089 -1.234443 0.12 6.655088 -1.234443 0.12 6.655088 2.435557 0.12 15.96174 2.577609 2.4 15.96174 2.577609 0 11.80173 2.577609 2.4 11.80173 2.577609 0 15.96174 2.577609 0.12 11.80173 2.577609 0.12 15.99778 -2.612933 2.4 15.99778 -2.612933 0 11.80778 -2.612933 2.4 11.80778 -2.612933 0 15.99778 -2.612933 0.12 11.80778 -2.612933 0.12 -17.10787 -7.406528 2.410783 -17.10787 -7.406528 0.01078319 -15.62786 -7.406528 2.410783 -15.62786 -7.406528 0.01078319 -15.62786 7.543472 2.410783 -15.62786 7.543472 0.01078319 -6.677864 7.543472 2.410783 -6.677864 7.543472 0.01078319 -6.677864 7.283472 2.410783 -6.677864 7.283472 0.01078319 -7.177864 7.283472 2.410783 -7.177864 7.283472 0.01078319 -7.177864 3.753473 2.410783 -7.177864 3.753473 0.01078319 -1.527864 3.753473 2.410783 -1.527864 3.753473 0.01078319 -1.527864 4.783472 2.410783 -1.527864 4.783472 0.01078319 3.372137 4.783472 2.410783 3.372137 4.783472 0.01078319 3.372137 3.713473 2.410783 3.372137 3.713473 0.01078319 6.727137 3.713473 2.410783 6.727137 3.713473 0.01078319 6.727137 7.608472 2.410783 6.727137 7.608472 0.01078319 15.93813 7.608472 2.410783 15.93813 7.608472 0.01078319 15.93813 -7.711528 2.410783 15.93813 -7.711528 0.01078319 2.628136 -7.711528 2.410783 2.628136 -7.711528 0.01078319 2.628136 -5.031527 2.410783 2.628136 -5.031527 0.01078319 -0.8718646 -5.031527 2.410783 -0.8718646 -5.031527 0.01078319 -0.8718646 -7.751528 2.410783 -0.8718646 -7.751528 0.01078319 -15.62187 -7.751528 2.410783 -15.62187 -7.751528 0.01078319 -15.62187 -6.901527 2.410783 -15.62187 -6.901527 0.01078319 -17.10787 -7.406528 0.1307832 -15.62786 -7.406528 0.1307832 -15.62786 7.543472 0.1307832 -6.677864 7.543472 0.1307832 -6.677864 7.283472 0.1307832 -7.177864 7.283472 0.1307832 -7.177864 3.753473 0.1307832 -1.527864 3.753473 0.1307832 -1.527864 4.783472 0.1307832 3.372137 4.783472 0.1307832 3.372137 3.713473 0.1307832 6.727137 3.713473 0.1307832 6.727137 7.608472 0.1307832 15.93813 7.608472 0.1307832 15.93813 -7.711528 0.1307832 2.628136 -7.711528 0.1307832 2.628136 -5.031527 0.1307832 -0.8718646 -5.031527 0.1307832 -0.8718646 -7.751528 0.1307832 -15.62187 -7.751528 0.1307832 -15.62187 -6.901527 0.1307832 -16.95871 -7.264219 2.419229 -16.95871 -7.264219 0.01922893 -16.95871 7.71578 2.419229 -16.95871 7.71578 0.01922893 -0.5087074 7.71578 2.419229 -0.5087074 7.71578 0.01922893 -0.5087074 6.19578 2.419229 -0.5087074 6.19578 0.01922893 0.1912933 6.19578 2.419229 0.1912933 6.19578 0.01922893 0.1912933 5.03578 2.419229 0.1912933 5.03578 0.01922893 1.881293 5.03578 2.419229 1.881293 5.03578 0.01922893 1.881293 9.63578 2.419229 1.881293 9.63578 0.01922893 4.081293 9.63578 2.419229 4.081293 9.63578 0.01922893 4.081293 7.605779 2.419229 4.081293 7.605779 0.01922893 6.731293 7.605779 2.419229 6.731293 7.605779 0.01922893 -17.10871 -7.264219 -0.01077109 -17.10871 -7.264219 -0.1307711 -16.95871 -7.264219 -0.01077109 -16.95871 -7.264219 -0.1307711 -16.95871 7.71578 0.1392289 -0.5087074 7.71578 0.1392289 -0.5087074 6.19578 0.1392289 0.1912933 6.19578 0.1392289 0.1912933 5.03578 0.1392289 1.881293 5.03578 0.1392289 1.881293 9.63578 0.1392289 4.081293 9.63578 0.1392289 4.081293 7.605779 0.1392289 6.731293 7.605779 0.1392289 -11.79948 7.403467 2.4 -11.79948 7.403467 0 -11.69948 7.403467 2.4 -11.69948 7.403467 0 -11.69948 4.593468 2.4 -11.69948 4.593468 0 -10.33948 4.593468 2.4 -10.33948 4.593468 0 -11.79948 7.403467 0.12 -11.69948 7.403467 0.12 -11.69948 4.593468 0.12 -10.33948 4.593468 0.12 -9.665973 7.768303 2.4 -9.665973 7.768303 0 -9.505973 7.768303 2.4 -9.505973 7.768303 0 -9.505973 4.568303 2.4 -9.505973 4.568303 0 -7.755973 4.568303 2.4 -7.755973 4.568303 0 -9.665973 7.768303 0.12 -9.505973 7.768303 0.12 -9.505973 4.568303 0.12 -7.755973 4.568303 0.12 -15.65951 2.392754 2.4 -15.65951 2.392754 0 -1.969512 2.392754 2.4 -1.969512 2.392754 0 -1.969512 -1.077246 2.4 -1.969512 -1.077246 0 -3.159512 -1.077246 2.4 -3.159512 -1.077246 0 -3.159512 0.4327539 2.4 -3.159512 0.4327539 0 -4.139513 0.4327539 2.4 -4.139513 0.4327539 0 -4.139513 -1.117246 2.4 -4.139513 -1.117246 0 -4.669512 -1.117246 2.4 -4.669512 -1.117246 0 -4.669512 2.552754 2.4 -4.669512 2.552754 0 -7.389513 2.552754 2.4 -7.389513 2.552754 0 -7.389513 -0.677246 2.4 -7.389513 -0.677246 0 -5.549512 -0.677246 2.4 -5.549512 -0.677246 0 -15.65951 2.392754 0.12 -1.969512 2.392754 0.12 -1.969512 -1.077246 0.12 -3.159512 -1.077246 0.12 -3.159512 0.4327539 0.12 -4.139513 0.4327539 0.12 -4.139513 -1.117246 0.12 -4.669512 -1.117246 0.12 -4.669512 2.552754 0.12 -7.389513 2.552754 0.12 -7.389513 -0.677246 0.12 -7.389513 -0.677246 0 -5.549512 -0.677246 0.12 -5.549512 -0.677246 0 -9.576553 2.296942 2.4 -9.576553 2.296942 0 -9.476553 2.296942 2.4 -9.476553 2.296942 0 -9.476553 -0.5130583 2.4 -9.476553 -0.5130583 0 -8.146553 -0.5130583 2.4 -8.146553 -0.5130583 0 -9.576553 2.296942 0.12 -9.476553 2.296942 0.12 -9.476553 -0.5130583 0.12 -8.146553 -0.5130583 0.12 -8.146553 -0.5130583 0 -15.70344 -2.552258 2.4 -15.70344 -2.552258 0 -1.833442 -2.552258 2.4 -1.833442 -2.552258 0 -15.70344 -2.852258 0.12 -15.70344 -2.852258 0 -1.833442 -2.852258 0.12 -1.833442 -2.852258 0 -5.303531 -6.72895 2.4 -5.303531 -6.72895 0 -4.180014 -6.72895 2.4 -4.180014 -6.72895 0 -4.180014 -4.07895 2.4 -4.180014 -4.07895 0 -5.366412 -4.07895 2.4 -5.366412 -4.07895 0 -5.303531 -6.72895 0.12 -4.180014 -6.72895 0.12 -4.180014 -4.07895 0.12 -5.366412 -4.07895 0.12 -3.200031 -7.905745 2.4 -3.200031 -7.905745 0 -2.920031 -7.905745 2.4 -2.920031 -7.905745 0 -2.920031 -4.115744 2.4 -2.920031 -4.115744 0 -2.100031 -4.115744 2.4 -2.100031 -4.115744 0 -2.100031 -4.495745 2.4 -2.100031 -4.495745 0 3.639969 -4.495745 2.4 3.639969 -4.495745 0 3.639969 -3.975744 2.4 3.639969 -3.975744 0 4.849969 -3.975744 2.4 4.849969 -3.975744 0 4.849969 -7.865745 2.4 4.849969 -7.865745 0 -3.200031 -7.905745 0.12 -2.920031 -7.905745 0.12 -2.920031 -4.115744 0.12 -2.100031 -4.115744 0.12 -2.100031 -4.495745 0.12 3.639969 -4.495745 0.12 3.639969 -3.975744 0.12 4.849969 -3.975744 0.12 4.849969 -7.865745 0.12 4.935223 -3.97617 2.4 4.935223 -3.97617 0 6.025223 -3.97617 2.4 6.025223 -3.97617 0 6.025223 -6.75617 2.4 6.025223 -6.75617 0 6.485223 -6.75617 2.4 6.485223 -6.75617 0 6.485223 -4.13617 2.4 6.485223 -4.13617 0 6.015223 -4.13617 2.4 6.015223 -4.13617 0 4.935223 -3.97617 0.12 6.025223 -3.97617 0.12 6.025223 -6.75617 0.12 6.485223 -6.75617 0.12 6.485223 -4.13617 0.12 6.015223 -4.13617 0.12 6.461145 -7.00051 2.4 6.461145 -7.00051 0 6.471145 -7.00051 2.4 6.471145 -7.00051 0 6.471145 -7.830511 2.4 6.471145 -7.830511 0 6.461145 -7.00051 0.12 6.471145 -7.00051 0.12 6.471145 -7.830511 0.12 8.90894 -7.637803 2.4 8.90894 -7.637803 0 8.97894 -7.637803 2.4 8.97894 -7.637803 0 8.97894 -3.487803 2.4 8.97894 -3.487803 0 8.90894 -7.637803 0.12 8.97894 -7.637803 0.12 8.97894 -3.487803 0.12 6.534279 -3.91561 2.4 6.534279 -3.91561 0 6.63428 -3.91561 2.4 6.63428 -3.91561 0 6.63428 -2.70561 2.4 6.63428 -2.70561 0 10.12428 -2.70561 2.4 10.12428 -2.70561 0 6.534279 -3.91561 0.12 6.63428 -3.91561 0.12 6.63428 -2.70561 0.12 10.12428 -2.70561 0.12 6.542622 -2.780471 2.4 6.542622 -2.780471 0 3.582623 -2.780471 2.4 3.582623 -2.780471 0 6.542622 -2.48047 0.12 6.542622 -2.48047 0 3.582623 -2.48047 0.12 3.582623 -2.48047 0 10.05509 2.385556 2.4 10.05509 2.385556 0 3.765089 2.385556 2.4 3.765089 2.385556 0 3.765089 -1.084443 2.4 3.765089 -1.084443 0 6.505088 -1.084443 2.4 6.505088 -1.084443 0 6.505088 2.435557 2.4 6.505088 2.435557 0 10.05509 2.385556 0.12 3.765089 2.385556 0.12 3.765089 -1.084443 0.12 6.505088 -1.084443 0.12 6.505088 2.435557 0.12 15.96174 2.427609 2.4 15.96174 2.427609 0 11.80173 2.427609 2.4 11.80173 2.427609 0 15.96174 2.727609 0.12 15.96174 2.727609 0 11.80173 2.727609 0.12 11.80173 2.727609 0 15.99778 -2.762933 2.4 15.99778 -2.762933 0 11.80778 -2.762933 2.4 11.80778 -2.762933 0 15.99778 -2.462933 0.12 15.99778 -2.462933 0 11.80778 -2.462933 0.12 11.80778 -2.462933 0 -15.77786 -2.143261 2.195352 -15.77786 2.036739 2.195352 -15.77786 -2.143261 0.1953518 -15.77786 2.036739 0.1953518 -15.62786 -2.143261 0.1953518 -15.62786 2.036739 0.1953518 -15.62786 -2.143261 2.195352 -15.62786 2.036739 2.195352 -15.77786 2.996328 0.1953518 -15.77786 7.176328 0.1953518 -15.77786 2.996328 2.195352 -15.77786 7.176328 2.195352 -15.62786 2.996328 2.195352 -15.62786 2.996328 0.1953518 -15.62786 7.176328 0.1953518 -15.62786 7.176328 2.195352 -15.77786 -7.159708 0.1953518 -15.77786 -7.159708 2.195352 -15.77786 -2.979708 0.1953518 -15.77786 -2.979708 2.195352 -15.77186 -7.159708 2.195352 -15.77186 -6.901527 0.1953518 -15.77186 -6.901527 2.195352 -15.77186 -7.159708 0.1953518 -15.62786 -7.159708 0.1953518 -15.62786 -7.159708 2.195352 -15.62786 -2.979708 0.1953518 -15.62786 -6.37476 0.1953518 -15.62786 -6.894721 2.195352 -15.62786 -2.979708 2.195352 -15.62187 -7.159708 0.1953518 -15.62187 -7.159708 2.195352 -15.62187 -6.901527 0.1953518 -15.62187 -6.901527 2.195352 -15.63533 -6.901527 2.195352 -15.76033 -6.901527 0.1953518 -15.62786 -6.901527 0.1953518 -15.62786 -6.901527 2.195352 -15.77786 -3.762264 0.1953518 -15.77786 -6.377152 2.195352 -15.77786 -2.979708 0.5697807 -15.77786 -7.159708 1.820923 -15.77186 -7.159708 1.770927 -15.62786 -3.764656 2.195352 -15.62786 -2.979708 1.819779 -15.62786 -7.159708 0.5709251 -15.62187 -7.159708 0.5209286 -15.77407 -3.828351 0.1953518 -15.68821 -5.3237 0.1953518 -15.62915 -6.352413 0.1953518 -15.77776 -3.764153 0.1953518 -15.68821 -5.323703 0.1953518 -15.77407 -3.828355 0.1953518 -15.77786 -6.638935 2.195352 -15.77786 -3.058935 0.1953518 -15.77786 -3.729163 0.1953518 -15.77786 -6.638935 0.1953518 -15.77786 -3.058935 2.195352 -15.62786 -6.638935 0.1953518 -15.62786 -3.058935 0.1953518 -15.62786 -5.966659 0.1953518 -15.62786 -6.638935 2.195352 -15.62786 -3.731211 2.195352 -15.62786 -3.058935 2.195352 -15.77751 -3.058935 0.1953518 -15.62952 -3.75597 2.195352 -15.77776 -3.730715 0.1953518 -15.71112 -4.724765 0.1953518 -15.67122 -5.619614 0.1953518 16.08814 -2.143261 2.195352 16.08814 2.036739 2.195352 16.08814 -2.143261 0.1953518 16.08814 2.036739 0.1953518 15.93813 -2.143261 0.1953518 15.93813 2.036739 0.1953518 15.93813 2.036739 2.195352 15.93813 -2.143261 2.195352 16.08814 -3.085189 2.195352 16.08814 -7.265188 2.195352 16.08814 -7.265188 0.1953518 16.08814 -3.085189 0.1953518 15.93813 -7.265188 0.1953518 15.93813 -7.265188 2.195352 15.93813 -3.085189 2.195352 15.93813 -3.085189 0.1953518 16.08814 3.20827 2.195352 16.08814 3.20827 0.1953518 16.08814 7.388269 0.1953518 16.08814 7.388269 2.195352 15.93813 3.20827 0.1953518 15.93813 3.20827 2.195352 15.93813 7.388269 0.1953518 15.93813 7.388269 2.195352</float_array>
          <technique_common>
            <accessor source="#Room_019-mesh-positions-array" count="695" stride="3">
              <param name="X" type="float"/>
              <param name="Y" type="float"/>
              <param name="Z" type="float"/>
            </accessor>
          </technique_common>
        </source>
        <source id="Room_019-mesh-normals">
          <float_array id="Room_019-mesh-normals-array" count="4608">0 1 0 -1 0 0 -1 0 0 -1 0 0 -1 0 0 0 1 0 1 0 0 0 -1 0 1 0 0 0 1 0 -1 0 0 0 1 0 1 0 0 0 1 0 -1 0 0 0 1 0 1 0 0 1 0 0 1 0 0 1 0 0 0 -1 0 -1 0 0 0 -1 0 1 0 0 0 -1 0 -1 0 0 -1 0 0 0 1 0 -1 0 0 0 1 0 1 0 0 0 -1 0 1 0 0 0 1 0 -1 0 0 0 1 0 1 0 0 0 1 0 -1 0 0 0 1 0 1 0 0 0 -1 0 -1 0 0 0 -1 0 1 0 0 0 -1 0 -1 0 0 -1 0 0 0 1 0 1 0 0 0 1 0 1 0 0 0 1 0 -1 0 0 0 1 0 1 0 0 0 1 0 -1 0 0 0 1 0 1 0 0 0 1 0 1 0 0 0 1 0 -1 0 0 0 1 0 1 0 0 0 1 0 0 1 0 -1 0 0 0 -1 0 0 1 0 -1 0 0 0 -1 0 0 -1 0 -1 0 0 0 -1 0 0 -1 0 -1 0 0 0 -1 0 0 1 0 1 0 0 0 -1 0 -1 0 0 0 -1 0 1 0 0 0 -1 0 -1 0 0 0 -1 0 1 0 0 0 1 0 0 1 0 1 0 0 0 -1 0 -1 0 0 0 -1 0 1 0 0 0 -1 0 -1 0 0 0 -1 0 1 0 0 0 1 0 0 1 0 -1 0 0 0 -1 0 0 1 0 -1 0 0 0 -1 0 0 -1 0 0 1 0 0 -1 0 1 0 0 0 1 0 -0.9997186 -0.02372199 0 0 -1 0 1 0 0 0 1 0 -0.9997186 -0.02372199 0 0 1 0 -1 0 0 0 1 0 1 0 0 0 1 0 -1 0 0 0 1 0 1 0 0 0 1 0 -1 0 0 0 1 0 1 0 0 0 1 0 -1 0 0 0 1 0 1 0 0 0 -1 0 -1 0 0 0 -1 0 1 0 0 0 1 0 0 -1 0 -1 0 0 0 -1 0 1 0 0 0 1 0 0 1 0 1 0 0 0 1 0 1 0 0 0 -1 0 1 0 0 0 -1 0 1 0 0 0 -1 0 -1 0 0 0 1 0 0 -1 0 -1 0 0 0 1 0 0 1 0 0 -1 0 0 1 0 -1 0 0 0 -1 0 1 0 0 0 1 0 -1 0 0 0 -1 0 1 0 0 0 1 0 0 -1 0 0 1 0 0 -1 0 0 -1 0 1 0 0 1 0 0 1 0 0 1 0 0 1 0 0 1 0 0 0 -1 0 -1 0 0 0 1 0 -1 0 0 0 -1 0 1 0 0 0 -1 0 -1 0 0 0 -1 0 1 0 0 0 -1 0 -1 0 0 -1 0 0 -1 0 0 -1 0 0 0 1 0 1 0 0 0 1 0 -1 0 0 0 1 0 1 0 0 1 0 0 0 -1 0 1 0 0 0 -1 0 -1 0 0 0 1 0 -1 0 0 0 -1 0 1 0 0 0 -1 0 -1 0 0 0 -1 0 1 0 0 0 -1 0 -1 0 0 0 1 0 1 0 0 0 1 0 -1 0 0 0 1 0 1 0 0 1 0 0 0 -1 0 -1 0 0 0 -1 0 -1 0 0 0 -1 0 1 0 0 0 -1 0 -1 0 0 0 -1 0 0 -1 0 1 0 0 0 -1 0 -1 0 0 0 -1 0 -1 0 0 0 -1 0 1 0 0 0 -1 0 -1 0 0 0 -1 0 0 1 0 1 0 0 0 1 0 0 1 0 1 0 0 0 1 0 0 1 0 1 0 0 0 1 0 0 1 0 1 0 0 0 1 0 0 -1 0 -1 0 0 0 1 0 1 0 0 0 1 0 -1 0 0 0 1 0 1 0 0 0 1 0 -1 0 0 0 -1 0 0 -1 0 -1 0 0 0 1 0 1 0 0 0 1 0 -1 0 0 0 1 0 1 0 0 0 1 0 -1 0 0 0 -1 0 0 1 0 1 0 0 0 1 0 0 1 0 1 0 0 0 1 0 0 1 0 0 -1 0 0 1 0 -1 0 0 0 -1 0 0.9997186 0.02372199 0 0 1 0 -1 0 0 0 -1 0 0.9997187 0.02372199 0 0 -1 0 1 0 0 0 -1 0 -1 0 0 0 -1 0 1 0 0 0 -1 0 -1 0 0 0 -1 0 1 0 0 0 -1 0 -1 0 0 0 -1 0 1 0 0 0 -1 0 -1 0 0 0 1 0 1 0 0 0 1 0 -1 0 0 0 -1 0 0 1 0 1 0 0 0 1 0 -1 0 0 0 -1 0 0 -1 0 -1 0 0 0 -1 0 -1 0 0 0 1 0 -1 0 0 0 1 0 -1 0 0 0 -1 0 1 0 0 0 -1 0 0 -1 0 1 0 0 0 -1 0 0 -1 0 0 1 0 0 -1 0 1 0 0 0 1 0 -1 0 0 0 -1 0 1 0 0 0 1 0 -1 0 0 0 -1 0 0 1 0 0 -1 0 0 1 0 -1 0 0 0 0 1 0 0 -1 0 0 1 0 0 -1 0 0 1 0 0 -1 0 0 1 0 0 -1 0 0 1 0 0 -1 0 0 1 0 0 -1 0 0 1 0 0 -1 0 0 1 0 0 -1 0 0 1 0 0 -1 0 0 1 0 0 -1 0 0 1 0 0 -1 0 0 1 0 0 -1 0 0 1 0 0 -1 0 0 1 0 0 -1 0 0 1 0 0 -1 0 0 1 0 0 -1 0 0 1 0 0 -1 0 0 1 0 0 -1 0 0 1 0 0 -1 0 0 1 0 1 0 0 1 0 0 1 0 0 0 -1 -1 0 0 0 0 1 0 0 1 0 0 1 0 0 1 0 0 1 0 0 1 0 0 1 0 0 1 0 0 1 0 0 1 0 0 1 0 0 1 0 0 1 0 0 1 0 0 1 0 0 1 0 0 1 0 0 1 0 0 1 0 0 1 0 1 0 0 -1 0 0 0 1 0 0 -1 0 0 1 0 0 -1 0 0 1 0 0 -1 0 0 1 0 0 -1 0 0 1 0 0 -1 0 0 1 0 0 -1 0 0 1 0 0 -1 0 0 1 0 0 -1 0 0 1 1 0 0 0 0 -1 0 0 1 0 0 -1 0 -1 0 0 1 0 0 0 1 -0.70709 0.007080316 -0.7070881 0 0 1 0 0 1 0 0 1 0 0 1 0 0 1 0 0 1 0 0 1 0 0 1 0 0 1 1 0 0 1 0 0 0 0 1 0 0 -1 0 0 -1 0 0 1 0 0 1 0 0 -1 0 0 1 1 0 0 0 0 -1 1 0 0 0 0 1 0 0 -1 0 0 -1 0 0 1 0 0 1 0 0 1 1 0 0 -1 0 0 0 0 1 0 0 -1 0 0 1 0 0 -1 0 0 1 1 0 0 0 0 -1 -1 0 0 0 0 1 0 0 1 0 0 1 1 0 0 -1 0 0 0 0 1 0 0 -1 0 0 1 0 0 -1 0 0 1 0 0 -1 0 0 1 0 0 -1 0 0 1 0 0 -1 0 0 1 0 0 -1 0 0 1 0 0 -1 0 0 1 0 0 -1 0 0 1 0 0 -1 0 0 1 0 0 -1 0 0 1 1 0 0 0 0 -1 -1 0 0 0 0 1 0 0 1 0 0 1 0 0 1 0 0 1 0 0 1 0 0 1 0 0 1 0 0 1 0 0 1 0 0 1 1 0 0 0 0 -1 1 0 0 0 0 1 0 0 -1 0 0 -1 0 0 1 0 0 1 0 0 -1 0 0 1 1 0 0 0 0 -1 1 0 0 0 0 1 0 0 -1 0 0 -1 0 0 1 0 0 1 0 0 1 1 0 0 0 0 -1 -1 0 0 0 0 1 1 0 0 0 0 -1 -1 0 0 0 0 1 1 0 0 0 0 -1 0 0 1 0 0 -1 0 0 1 0 0 -1 0 0 1 0 0 -1 0 0 1 0 0 -1 0 0 1 0 0 1 0 0 1 0 0 1 -1 0 0 0 0 1 0 0 -1 0 0 1 0 0 -1 0 0 1 0 0 -1 0 0 1 0 0 -1 0 0 1 0 0 -1 0 0 1 0 0 -1 0 0 1 0 0 -1 0 0 1 0 -1 0 0 0 -1 -1 0 0 0 0 1 0 0 1 0 0 1 0 0 1 0 0 1 0 0 1 0 0 1 0 0 1 0 -1 0 -1 0 0 0 0 1 0 0 -1 0 0 1 0 0 -1 0 0 1 0 0 -1 0 0 1 0 0 -1 0 0 1 -1 0 0 0 0 -1 -1 0 0 0 0 1 0 0 1 0 0 1 0 0 1 0 0 1 -1 0 0 -1 0 0 0 0 1 0 0 -1 0 0 1 0 -1 0 0 0 -1 -1 0 0 0 0 1 0 0 1 0 -1 0 -1 0 0 0 0 1 0 0 -1 0 0 1 0 1 0 0 0 -1 -1 0 0 0 0 1 0 0 1 0 1 0 1 0 0 0 0 -1 0 0 1 0 0 -1 0 0 1 0 0 1 0 0 -1 0 0 1 1 0 0 0 0 -1 1 0 0 0 0 -1 0 0 1 0 0 -1 0 0 1 0 0 1 0 0 1 1 0 0 1 0 0 0 0 1 -1 0 0 0 0 -1 1 0 0 0 0 1 -1 0 0 0 0 -1 1 0 0 0 0 1 0 0 -1 0 0 1 0 0 -1 0 0 1 0 0 -1 0 0 1 0 1 0 0 0 -1 1 0 0 0 0 1 0 0 1 0 0 1 0 0 1 0 1 0 1 0 0 0 0 1 -1 0 0 0 0 -1 1 0 0 0 0 1 -1 0 0 0 0 -1 1 0 0 0 0 1 -1 0 0 0 0 -1 1 0 0 0 0 1 -1 0 0 0 0 -1 0 -1 0 0 1 0 0 0 1 0 0 -1 0 -1 0 0 1 0 0 0 1 0 0 -1 0 -1 0 0 -1 0 0 1 0 0 1 0 0 1 0 0 1 0 0 1 0 0 1 0 0 0 1 0 0 1 0 0 1 0 0 1 0 0 1 0 0 -1 0 0 -1 0 0 -1 0 0 -1 0 0 -1 0 0 -1 0 0 1 0 0 1 0 0 1 0 0 1 0 0 1 0 0 1 0 0 1 0 0 1 0 0 -1 0 0 -1 0 0 -1 0 -1 0 0 1 0 0 0 1 0 0 -1 0 -1 0 0 1 0 0 0 1 0 0 -1 0 -1 0 0 1 0 0 0 1 0 0 -1 0 1 0 -1 0 0 -1 0 0 -1 0 0 -1 0 0 -1 0 0 -1 0 0 -1 0 0 -1 0 0 -1 0 0 -1 0 0 -1 0 0 -1 0 0 -1 0 0 -1 0 0 -1 0 0 -1 0 0 -1 0 0 -1 0 0 -1 0 0 -1 0 0 -1 0 0 -1 0 0 -1 0 0 -1 0 0 -1 0 0 0 1 0 1 0 0 0 -1 0 1 0 0 0 1 0 -1 0 0 0 1 0 1 0 0 0 1 0 -1 0 0 0 1 0 1 0 0 1 0 0 1 0 0 1 0 0 1 0 0 1 0 0 1 0 0 1 0 0 1 0 0 1 0 0 1 0 0 1 0 0 1 0 0 1 0 0 1 0 0 1 0 0 0 -1 0 -1 0 0 0 -1 0 1 0 0 0 -1 0 -1 0 0 -1 0 0 -1 0 0 -1 0 0 -1 0 0 -1 0 0 -1 0 0 -1 0 0 0 1 0 -1 0 0 0 1 0 1 0 0 0 -1 0 1 0 0 0 1 0 -1 0 0 0 1 0 1 0 0 0 1 0 -1 0 0 0 1 0 1 0 0 0 -1 0 -1 0 0 0 -1 0 1 0 0 0 -1 0 -1 0 0 -1 0 0 0 1 0 1 0 0 0 1 0 1 0 0 0 1 0 -1 0 0 0 1 0 1 0 0 0 1 0 -1 0 0 0 1 0 1 0 0 0 1 0 1 0 0 0 1 0 -1 0 0 0 1 0 1 0 0 0 1 0 0 1 0 -1 0 0 0 -1 0 0 1 0 -1 0 0 0 -1 0 0 -1 0 -1 0 0 0 -1 0 0 -1 0 -1 0 0 0 -1 0 0 1 0 1 0 0 0 -1 0 -1 0 0 0 -1 0 1 0 0 0 -1 0 -1 0 0 0 -1 0 1 0 0 0 1 0 0 1 0 1 0 0 0 -1 0 -1 0 0 0 -1 0 1 0 0 0 -1 0 -1 0 0 0 -1 0 1 0 0 0 1 0 0 1 0 -1 0 0 0 -1 0 0 1 0 -1 0 0 0 -1 0 0 -1 0 0 1 0 0 -1 0 1 0 0 0 1 0 -0.9997186 -0.02372199 0 0 -1 0 1 0 0 0 1 0 -0.9997186 -0.02372199 0 0 1 0 -1 0 0 0 1 0 1 0 0 0 1 0 -1 0 0 0 1 0 1 0 0 0 1 0 -1 0 0 0 1 0 1 0 0 0 1 0 -1 0 0 0 1 0 1 0 0 0 -1 0 -1 0 0 0 -1 0 1 0 0 0 1 0 0 -1 0 -1 0 0 0 -1 0 1 0 0 0 1 0 0 1 0 1 0 0 0 1 0 1 0 0 0 -1 0 1 0 0 0 -1 0 1 0 0 0 -1 0 -1 0 0 0 1 0 0 -1 0 -1 0 0 0 1 0 0 1 0 0 -1 0 0 1 0 -1 0 0 0 -1 0 1 0 0 0 1 0 -1 0 0 0 -1 0 1 0 0 0 1 0 0 -1 0 0 1 0 0 -1 0 0 -1 0 1 0 0 1 0 0 1 0 0 1 0 0 1 0 0 1 0 0 1 0 0 1 0 0 1 0 0 1 0 0 1 0 0 1 0 0 1 0 0 1 0 0 1 0 0 1 0 0 1 0 0 1 0 0 1 0 0 1 0 0 1 0 0 1 0 0 1 0 0 1 0 0 1 0 0 1 0 0 1 0 0 1 0 0 1 0 0 1 0 0 1 0 0 1 0 0 0 -1 0 -1 0 0 0 1 0 -1 0 0 0 -1 0 1 0 0 0 -1 0 -1 0 0 0 -1 0 1 0 0 0 -1 0 -1 0 0 -1 0 0 -1 0 0 -1 0 0 -1 0 0 -1 0 0 -1 0 0 -1 0 0 -1 0 0 -1 0 0 -1 0 0 -1 0 0 -1 0 0 -1 0 0 -1 0 0 -1 0 0 0 1 0 1 0 0 0 1 0 -1 0 0 0 1 0 1 0 0 1 0 0 1 0 0 1 0 0 1 0 0 1 0 0 1 0 0 1 0 0 0 -1 0 1 0 0 0 -1 0 -1 0 0 0 1 0 -1 0 0 0 -1 0 1 0 0 0 -1 0 -1 0 0 0 -1 0 1 0 0 0 -1 0 -1 0 0 0 1 0 1 0 0 0 1 0 -1 0 0 0 1 0 1 0 0 1 0 0 0 -1 0 -1 0 0 0 -1 0 -1 0 0 0 -1 0 1 0 0 0 -1 0 -1 0 0 0 -1 0 0 -1 0 1 0 0 0 -1 0 -1 0 0 0 -1 0 -1 0 0 0 -1 0 1 0 0 0 -1 0 -1 0 0 0 -1 0 0 1 0 1 0 0 0 1 0 0 1 0 1 0 0 0 1 0 0 1 0 1 0 0 0 1 0 0 1 0 1 0 0 0 1 0 0 -1 0 -1 0 0 0 1 0 1 0 0 0 1 0 -1 0 0 0 1 0 1 0 0 0 1 0 -1 0 0 0 -1 0 0 -1 0 -1 0 0 0 1 0 1 0 0 0 1 0 -1 0 0 0 1 0 1 0 0 0 1 0 -1 0 0 0 -1 0 0 1 0 1 0 0 0 1 0 0 1 0 1 0 0 0 1 0 0 1 0 0 -1 0 0 1 0 -1 0 0 0 -1 0 0.9997186 0.02372199 0 0 1 0 -1 0 0 0 -1 0 0.9997187 0.02372199 0 0 -1 0 1 0 0 0 -1 0 -1 0 0 0 -1 0 1 0 0 0 -1 0 -1 0 0 0 -1 0 1 0 0 0 -1 0 -1 0 0 0 -1 0 1 0 0 0 -1 0 -1 0 0 0 1 0 1 0 0 0 1 0 -1 0 0 0 -1 0 0 1 0 1 0 0 0 1 0 -1 0 0 0 -1 0 0 -1 0 -1 0 0 0 -1 0 -1 0 0 0 1 0 -1 0 0 0 1 0 -1 0 0 0 -1 0 1 0 0 0 -1 0 0 -1 0 1 0 0 0 -1 0 0 -1 0 0 1 0 0 -1 0 1 0 0 0 1 0 -1 0 0 0 -1 0 1 0 0 0 1 0 -1 0 0 0 -1 0 0 1 0 0 -1 0 0 1 0 -1 0 0 0 0 1 0 0 -1 0 0 1 0 0 -1 0 0 1 0 0 -1 0 0 1 0 0 -1 0 0 1 0 0 -1 0 0 1 0 0 -1 0 0 1 0 0 -1 0 0 1 0 0 -1 0 0 1 0 0 -1 0 0 1 0 0 -1 0 0 1 0 0 -1 0 0 1 0 0 -1 0 0 1 0 0 -1 0 0 1 0 0 -1 0 0 1 0 0 -1 0 0 1 0 0 -1 0 0 1 0 0 -1 0 0 1 0 0 -1 0 0 1 0 0 -1 0 0 1 0 1 0 0 1 0 0 1 0 0 1 0 0 1 0 0 1 0 0 1 0 0 0 -1 -1 0 0 0 0 1 0 0 1 0 0 1 0 0 1 0 0 1 0 0 1 0 0 1 0 0 1 0 0 1 0 0 1 0 0 1 0 0 1 0 0 1 0 0 1 0 0 1 0 0 1 0 0 1 0 0 1 0 0 1 0 0 1 0 1 0 0 -1 0 0 0 1 0 0 -1 0 0 1 0 0 -1 0 0 1 0 0 -1 0 0 1 0 0 -1 0 0 1 0 0 -1 0 0 1 0 0 -1 0 0 1 0 0 -1 0 0 1 0 0 -1 0 0 1 1 0 0 0 0 -1 0 0 1 0 0 -1 0.70709 -0.007080316 0.7070881 0 0 1 0 0 1 0 0 1 0 0 1 0 0 1 0 0 1 0 0 1 0 0 1 0 0 1 1 0 0 1 0 0 0 0 1 0 0 -1 0 0 1 1 0 0 0 0 -1 1 0 0 0 0 1 0 0 1 1 0 0 -1 0 0 0 0 1 0 0 -1 0 0 1 0 0 -1 0 0 1 1 0 0 0 0 -1 -1 0 0 0 0 1 0 0 1 0 0 1 1 0 0 -1 0 0 0 0 1 0 0 -1 0 0 1 0 0 -1 0 0 1 0 0 -1 0 0 1 0 0 -1 0 0 1 0 0 -1 0 0 1 0 0 -1 0 0 1 0 0 -1 0 0 1 0 0 -1 0 0 1 0 0 -1 0 0 1 0 0 -1 0 0 1 1 0 0 0 0 -1 -1 0 0 0 0 1 0 0 1 0 0 1 0 0 1 0 0 1 0 0 1 0 0 1 0 0 1 0 0 1 0 0 1 0 0 -1 0 0 1 1 0 0 0 0 -1 1 0 0 0 0 1 0 0 -1 0 0 1 1 0 0 0 0 -1 1 0 0 0 0 1 0 0 1 1 0 0 -1 0 0 0 0 1 1 0 0 0 0 -1 -1 0 0 0 0 1 1 0 0 0 0 -1 0 0 1 0 0 -1 0 0 1 0 0 -1 0 0 1 0 0 -1 0 0 1 0 0 -1 0 0 1 0 0 1 0 0 1 0 0 1 -1 0 0 0 0 1 0 0 -1 0 0 1 0 0 -1 0 0 1 0 0 -1 0 0 1 0 0 -1 0 0 1 0 0 -1 0 0 1 0 0 -1 0 0 1 0 0 -1 0 0 1 0 -1 0 0 0 -1 -1 0 0 0 0 1 0 0 1 0 0 1 0 0 1 0 0 1 0 0 1 0 0 1 0 0 1 0 -1 0 -1 0 0 0 0 1 0 0 -1 0 0 1 0 0 -1 0 0 1 0 0 -1 0 0 1 0 0 -1 0 0 1 -1 0 0 0 0 -1 -1 0 0 0 0 1 0 0 1 0 0 1 0 0 1 0 0 1 -1 0 0 -1 0 0 0 0 1 0 0 -1 0 0 1 0 -1 0 0 0 -1 -1 0 0 0 0 1 0 0 1 0 -1 0 -1 0 0 0 0 1 0 0 -1 0 0 1 0 1 0 0 0 -1 -1 0 0 0 0 1 0 0 1 0 1 0 1 0 0 0 0 1 0 0 -1 0 0 1 1 0 0 0 0 -1 1 0 0 0 0 1 0 0 1 1 0 0 1 0 0 0 0 1 -1 0 0 0 0 -1 1 0 0 0 0 1 -1 0 0 0 0 -1 1 0 0 0 0 1 0 0 -1 0 0 1 0 0 -1 0 0 1 0 0 -1 0 0 1 0 1 0 0 0 -1 1 0 0 0 0 1 0 0 1 0 0 1 0 0 1 0 1 0 1 0 0 0 0 1 -1 0 0 0 0 -1 1 0 0 0 0 1 -1 0 0 0 0 -1 1 0 0 0 0 1 -1 0 0 0 0 -1 1 0 0 0 0 1 -1 0 0 0 0 -1 0 -1 0 0 1 0 0 0 1 0 0 -1 0 -1 0 0 1 0 0 0 1 0 0 -1 0 -1 0 0 -1 0 0 1 0 0 1 0 0 1 0 0 1 0 0 1 0 0 1 0 0 0 1 0 0 1 0 0 1 0 0 1 0 0 1 0 0 1 0 0 1 0 0 1 0 0 -1 0 0 -1 0 0 -1 0 0 -1 0 0 -1 0 0 -1 0 0 -1 0 0 -1 0 0 -1 0 0 1 0 0 1 0 0 1 0 0 1 0 0 1 0 0 1 0 0 1 0 0 1 0 0 1 0 0 1 0 0 1 0 0 1 0 0 1 0 0 1 0 0 1 0 0 1 0 0 1 0 0 -1 0 0 -1 0 0 -1 0 0 -1 0 -1 0 0 1 0 0 0 1 0 0 -1 0 -1 0 0 1 0 0 0 1 0 0 -1 0 -1 0 0 1 0 0 0 1 0 0 -1</float_array>
          <technique_common>
            <accessor source="#Room_019-mesh-normals-array" count="1536" stride="3">
              <param name="X" type="float"/>
              <param name="Y" type="float"/>
              <param name="Z" type="float"/>
            </accessor>
          </technique_common>
        </source>
        <source id="Room_019-mesh-map-0">
          <float_array id="Room_019-mesh-map-0-array" count="9216">-50.06531 58.30126 -47.54446 59.69824 -50.06531 59.69824 -49.83903 48.53979 -50.06531 42.59806 -49.83904 47.53185 -47.54446 42.59806 -49.83903 43.14126 -50.06531 42.59806 -48.13161 53.80898 -49.83904 52.93039 -47.73832 52.93039 -50.06531 58.30126 -49.83903 58.19956 -49.44575 58.19956 -50.06531 32.88201 -47.54446 42.59806 -50.06531 42.59806 -50.06531 32.29383 -47.54446 32.88201 -50.06531 32.88201 -50.06531 31.76866 -47.54446 32.29383 -50.06531 32.29383 -50.06531 28.37592 -47.54446 31.76866 -50.06531 31.76866 -50.06531 22.75636 -47.54446 28.37592 -50.06531 28.37592 -50.06531 21.67447 -47.54446 22.75636 -50.06531 22.75636 -50.06531 16.2125 -47.54446 21.67447 -50.06531 21.67447 -50.06531 15.08857 -47.54446 16.2125 -50.06531 16.2125 -50.06531 11.87969 -47.54446 15.08857 -50.06531 15.08857 -50.06531 7.788437 -47.54446 11.87969 -50.06531 11.87969 -50.06531 -2.201709 -47.54446 7.788437 -50.06531 7.788437 -47.54446 -18.60863 -49.83904 -17.98225 -50.06531 -18.60863 -47.73832 -12.60228 -49.83903 -12.60228 -49.83903 -13.59166 -47.54446 -2.201714 -49.83903 -2.590564 -47.73832 -2.590568 -47.73832 -8.211703 -47.54446 -2.201714 -47.73831 -6.981151 -50.06531 -32.90431 -47.54446 -18.60863 -50.06531 -18.60863 -50.06531 -35.71934 -47.54446 -32.90431 -50.06531 -32.90431 -50.06531 -39.08055 -47.54446 -35.71934 -50.06531 -35.71934 -50.06531 -41.93758 -47.54446 -39.08055 -50.06531 -39.08055 -50.06531 -57.74578 -47.54446 -41.93758 -50.06531 -41.93758 -47.73832 -58.79612 -47.73831 -58.52494 -49.39323 -58.52494 -47.54446 -57.74578 -50.06531 -57.74578 -49.39323 -58.52494 -47.54017 58.39795 -47.41409 59.79612 -47.54017 59.79612 -47.54017 42.6819 -47.41409 58.39795 -47.54017 58.39795 -47.54017 32.95786 -47.41409 42.6819 -47.54017 42.6819 -47.54017 32.36909 -47.41409 32.95786 -47.54017 32.95786 -47.54017 31.84349 -47.41409 32.36909 -47.54017 32.36909 -47.54017 28.44801 -47.41409 31.84349 -47.54017 31.84349 -47.54017 22.82377 -47.41409 28.44801 -47.54017 28.44801 -47.54017 21.74099 -47.41409 22.82377 -47.54017 22.82377 -47.54017 16.27452 -47.41409 21.74099 -47.54017 21.74099 -47.54017 15.14965 -47.41409 16.27452 -47.54017 16.27452 -47.54017 11.9381 -47.41409 15.14965 -47.54017 15.14965 -47.54017 7.843507 -47.41409 11.9381 -47.54017 11.9381 -47.54017 -2.15492 -47.41409 7.843507 -47.54017 7.843507 -47.54017 -18.57542 -47.41409 -2.15492 -47.54017 -2.15492 -47.54017 -32.88289 -47.41409 -18.57542 -47.54017 -18.57542 -47.54017 -35.70023 -47.41409 -32.88289 -47.54017 -32.88289 -47.54017 -39.06426 -47.41409 -35.70023 -47.54017 -35.70023 -47.54017 -41.92369 -47.41409 -39.06426 -47.54017 -39.06426 -47.54017 -57.74492 -47.41409 -41.92369 -47.54017 -41.92369 -47.54017 -58.79612 -47.41409 -57.74492 -47.54017 -57.74492 -44.1764 -21.67699 -50.06429 -58.79509 -44.1764 -58.79509 -44.1764 19.41543 -50.06429 -21.67699 -44.1764 -21.67699 -44.1764 23.14439 -50.06429 19.41543 -44.1764 19.41543 -44.1764 24.86172 -50.06429 23.14439 -44.1764 23.14439 -44.1764 27.70752 -50.06429 24.86172 -44.1764 24.86172 -44.1764 31.11749 -50.06429 27.70752 -44.1764 27.70752 -44.1764 42.40263 -50.06429 31.11749 -44.1764 31.11749 -44.1764 48.53583 -50.06429 42.40263 -44.1764 42.40263 -44.1764 53.51601 -50.06429 48.53583 -44.1764 48.53583 -44.1764 59.64921 -50.06429 53.51601 -44.1764 53.51601 -44.16988 22.63109 -43.8752 59.79475 -44.16988 59.79475 -44.16988 -18.51182 -43.8752 22.63109 -44.16988 22.63109 -44.16988 -22.2454 -43.8752 -18.51182 -44.16988 -18.51182 -44.16988 -23.96483 -43.8752 -22.2454 -44.16988 -22.2454 -44.16988 -26.81415 -43.8752 -23.96483 -44.16988 -23.96483 -44.16988 -30.22832 -43.8752 -26.81415 -44.16988 -26.81415 -44.16988 -41.52735 -43.8752 -30.22832 -44.16988 -30.22832 -44.16988 -47.66801 -43.8752 -41.52735 -44.16988 -41.52735 -44.16988 -52.65435 -43.8752 -47.66801 -44.16988 -47.66801 -44.16988 -58.79492 -43.8752 -52.65435 -44.16988 -52.65435 -50.05708 59.78789 10.88121 58.51829 10.88121 59.78789 -50.05708 58.51829 10.88121 -20.44755 10.88121 58.51829 -50.05708 -20.44755 10.88121 -58.78789 10.88121 -20.44755 13.94891 -58.78789 10.90202 -57.51829 10.90202 -58.78789 13.94891 -57.51829 10.90202 21.4475 10.90202 -57.51829 13.94895 21.4475 10.90202 59.78789 10.90202 21.4475 5.634042 -58.78841 -50.0576 -58.5563 -50.0576 -58.78841 5.634042 -58.5563 -50.0576 15.6992 -50.0576 -58.5563 5.634042 15.6992 -50.0576 59.78841 -50.0576 15.6992 5.653939 59.78841 8.438507 59.5563 8.438507 59.78841 5.653939 59.5563 8.438507 -14.69916 8.438507 59.5563 5.653939 -14.69916 8.438507 -58.78841 8.438507 -14.69916 -50.0636 12.05536 -41.78523 59.79441 -50.0636 59.79441 -50.0636 -0.9487298 -41.78523 12.05536 -50.0636 12.05536 -50.0636 -6.088279 -41.78523 -0.9487376 -50.0636 -0.9487298 -50.0636 -11.29679 -41.78523 -6.088279 -50.0636 -6.088279 -50.0636 -13.64239 -41.78523 -11.29679 -50.0636 -11.29679 -50.0636 -18.98886 -41.78523 -13.64239 -50.0636 -13.64239 -50.0636 -21.85185 -41.78523 -18.98886 -50.0636 -18.98886 -50.0636 -34.51095 -41.78523 -21.85185 -50.0636 -21.85185 -50.0636 -42.85849 -41.78523 -34.51095 -50.0636 -34.51095 -50.0636 -52.96515 -41.78523 -42.85849 -50.0636 -42.85849 -50.0636 -58.79441 -41.78523 -52.96515 -50.0636 -52.96515 -41.3636 -11.05536 -41.77751 -58.79441 -41.3636 -58.79441 -41.3636 1.948727 -41.77751 -11.05536 -41.3636 -11.05536 -41.3636 7.088258 -41.77751 1.948727 -41.3636 1.948727 -41.3636 12.29679 -41.77751 7.088258 -41.3636 7.088258 -41.3636 14.64235 -41.77751 12.29679 -41.3636 12.29679 -41.3636 19.98886 -41.77751 14.64235 -41.3636 14.64235 -41.3636 22.8518 -41.77751 19.98886 -41.3636 19.98886 -41.3636 35.51095 -41.77751 22.8518 -41.3636 22.8518 -41.3636 43.8584 -41.77751 35.51095 -41.3636 35.51095 -41.3636 53.96498 -41.77751 43.8584 -41.3636 43.8584 -41.3636 59.79441 -41.77751 53.96498 -41.3636 53.96498 11.2752 -58.78789 -50.05708 -57.51006 -50.05708 -58.78789 11.2752 -57.51006 -50.05708 21.96629 -50.05708 -57.51006 11.2752 21.96629 -50.05708 59.78789 -50.05708 21.96629 11.29607 59.78789 14.36269 58.51006 14.36269 59.78789 11.29607 58.51006 14.36269 -20.96629 14.36269 58.51006 11.29607 -20.96629 14.36269 -58.78789 14.36269 -20.96629 -50.06154 59.79235 -29.54214 -58.79235 -29.54214 59.79235 -28.50405 59.79235 -29.53014 -58.79235 -28.50405 -58.79235 -17.7593 -58.7908 -50.06 -39.67952 -50.06 -58.79064 -17.7593 -39.67952 -50.06 0.02336555 -50.06 -39.67952 -17.7593 0.02336555 -50.06 20.07667 -50.06 0.02336555 -50.06 20.07667 -17.7593 59.79064 -50.06 59.79064 -16.12927 -58.79064 -17.74412 -39.68158 -17.74412 -58.79064 -16.12927 -39.68166 -17.74412 0.01679491 -17.74412 -39.68158 -16.12927 0.01679104 -17.74412 20.06785 -17.74412 0.01679491 -17.74412 20.06785 -16.12927 59.77744 -17.74412 59.77744 -50.06206 58.88223 -33.25134 59.79287 -50.06206 59.79287 -50.06206 32.33532 -33.25134 58.88223 -50.06206 58.88223 -50.06206 24.49032 -33.25134 32.33532 -50.06206 32.33532 -50.06206 21.82859 -33.25134 24.49032 -50.06206 24.49032 -50.06206 -16.2757 -33.25134 21.82859 -50.06206 21.82859 -50.06206 -19.918 -33.25134 -16.2757 -50.06206 -16.2757 -50.06206 -30.4948 -33.25134 -19.918 -50.06206 -19.918 -50.06206 -58.79287 -33.25134 -30.4948 -50.06206 -30.4948 -33.24037 58.88223 -32.39977 59.79287 -33.24037 59.79287 -33.24037 32.33532 -32.39977 58.88223 -33.24037 58.88223 -33.24037 24.49032 -32.39986 32.33532 -33.24037 32.33532 -33.24037 21.82863 -32.39986 24.49032 -33.24037 24.49032 -33.24037 -16.2757 -32.39986 21.82863 -33.24037 21.82863 -33.24037 -19.918 -32.39986 -16.2757 -33.24037 -16.2757 -33.24037 -30.49472 -32.39986 -19.918 -33.24037 -19.918 -33.24037 -58.79287 -32.39986 -30.49472 -33.24037 -30.49472 -14.57407 -58.79046 -50.05966 -44.8918 -50.05966 -58.79046 -14.57407 -44.8918 -50.05966 -3.787826 -50.05966 -44.8918 -14.57402 -3.787826 -50.05966 7.449244 -50.05966 -3.787826 -14.57402 7.449244 -50.05966 50.62332 -50.05966 7.449244 -14.57407 50.62332 -50.05949 59.79046 -50.05966 50.62332 -12.78392 -58.79046 -14.55821 -44.8918 -14.55817 -58.79046 -12.78392 -44.8918 -14.55817 -3.787826 -14.55821 -44.8918 -12.78392 -3.787826 -14.55817 7.449244 -14.55817 -3.787826 -12.78392 7.449244 -14.55817 50.62332 -14.55817 7.449244 -12.78388 50.62332 -14.55817 59.79046 -14.55817 50.62332 -1.638767 59.78858 6.266378 -58.78858 6.266378 59.78858 -50.05777 59.78858 -1.638767 -58.78858 -1.638767 59.78858 11.42171 -51.94069 6.285868 -58.78858 11.42171 -58.78858 11.42171 -9.998052 6.285868 -51.94069 11.42171 -51.94069 12.90349 -58.78772 -50.05691 -53.01641 -50.05691 -58.78772 12.90349 -53.01641 -50.05691 59.78772 -50.05691 -53.01641 12.92462 58.55463 16.03991 52.84332 16.03991 58.55463 12.92462 52.84332 16.03991 -58.78772 16.03991 52.84332 -50.0576 58.64823 4.670153 59.78858 -50.0576 59.78858 -50.0576 24.21535 4.670153 58.64823 -50.0576 58.64823 -50.0576 -58.78858 4.670153 24.21535 -50.0576 24.21535 7.417778 -57.65184 4.689856 -58.78858 7.417778 -58.78858 7.417778 -23.32549 4.689856 -57.65184 7.417778 -57.65184 7.417778 59.42138 4.689856 -23.32549 7.417778 -23.32549 46.08375 -58.78515 -50.05451 59.78532 -50.05451 -58.78515 50.91675 59.78515 46.1099 -58.78515 50.91675 -58.78515 -50.06206 59.79287 -33.2414 14.65739 -33.2414 59.79287 -50.06206 14.65739 -33.2414 -11.76507 -33.2414 14.65739 -50.06206 -11.76507 -33.2414 -33.0712 -33.2414 -11.76507 -50.06206 -33.0712 -33.2414 -58.79287 -33.2414 -33.0712 -33.23051 59.79287 -32.3894 14.65739 -32.3894 59.79287 -33.23043 14.65739 -32.3894 -11.76507 -32.3894 14.65739 -33.23043 -11.76507 -32.3894 -33.0712 -32.3894 -11.76507 -33.23043 -33.0712 -32.3894 -58.79287 -32.3894 -33.0712 18.35193 -58.78738 -50.05657 59.78721 -50.05657 -58.78738 18.37395 -58.78738 21.79438 59.78721 18.37395 59.78721 17.86211 -58.78738 -50.05657 59.78738 -50.05657 -58.78738 17.88409 -58.78738 21.28001 59.78738 17.88409 59.78738 -47.54446 59.69824 -50.06531 58.30126 -50.06531 59.69824 -47.54446 42.59806 -49.83903 42.9837 -47.73831 42.9837 -47.73832 48.38224 -47.54446 42.59806 -47.73833 47.3743 -49.44454 53.65141 -47.73832 52.77283 -49.83903 52.77283 -47.54446 58.30126 -47.73832 58.04201 -48.13281 58.04201 -49.83904 57.495 -49.83904 57.76367 -48.13281 58.04201 -47.73831 53.73463 -47.73831 53.65141 -49.44454 53.65141 -47.54446 42.59806 -50.06531 32.88201 -50.06531 42.59806 -47.54446 32.88201 -50.06531 32.29383 -50.06531 32.88201 -47.54446 32.29383 -50.06531 31.76866 -50.06531 32.29383 -47.54446 31.76866 -50.06531 28.37592 -50.06531 31.76866 -47.54446 28.37592 -50.06531 22.75636 -50.06531 28.37592 -47.54446 22.75636 -50.06531 21.67447 -50.06531 22.75636 -47.54446 21.67447 -50.06531 16.2125 -50.06531 21.67447 -47.54446 16.2125 -50.06531 15.08857 -50.06531 16.2125 -47.54446 15.08857 -50.06531 11.87969 -50.06531 15.08857 -47.54446 11.87969 -50.06531 7.788437 -50.06531 11.87969 -47.54446 7.788437 -50.06531 -2.201709 -50.06531 7.788437 -47.54446 -18.60863 -49.83904 -18.13063 -47.73832 -18.13062 -49.83903 -12.64531 -47.73832 -12.64531 -47.73831 -13.65406 -49.83903 -8.168746 -50.06531 -2.201709 -49.83903 -6.914097 -47.54446 -2.201714 -49.83904 -2.437536 -50.06531 -2.201709 -47.54446 -18.60863 -50.06531 -32.90431 -50.06531 -18.60863 -47.54446 -32.90431 -50.06531 -35.71934 -50.06531 -32.90431 -47.54446 -35.71934 -50.06531 -39.08055 -50.06531 -35.71934 -47.54446 -39.08055 -50.06531 -41.93758 -50.06531 -39.08055 -47.54446 -41.93758 -50.06531 -57.74578 -50.06531 -41.93758 -50.06531 -57.74578 -47.54446 -57.74578 -48.08029 -58.47709 -49.83903 -58.79612 -49.83903 -58.47709 -48.08029 -58.47709 -47.41409 59.79612 -47.54017 58.39795 -47.54017 59.79612 -47.41409 58.39795 -47.54017 42.6819 -47.54017 58.39795 -47.41409 42.6819 -47.54017 32.95786 -47.54017 42.6819 -47.41409 32.95786 -47.54017 32.36909 -47.54017 32.95786 -47.41409 32.36909 -47.54017 31.84349 -47.54017 32.36909 -47.41409 31.84349 -47.54017 28.44801 -47.54017 31.84349 -47.41409 28.44801 -47.54017 22.82377 -47.54017 28.44801 -47.41409 22.82377 -47.54017 21.74099 -47.54017 22.82377 -47.41409 21.74099 -47.54017 16.27452 -47.54017 21.74099 -47.41409 16.27452 -47.54017 15.14965 -47.54017 16.27452 -47.41409 15.14965 -47.54017 11.9381 -47.54017 15.14965 -47.41409 11.9381 -47.54017 7.843507 -47.54017 11.9381 -47.41409 7.843507 -47.54017 -2.15492 -47.54017 7.843507 -47.41409 -2.15492 -47.54017 -18.57542 -47.54017 -2.15492 -47.41409 -18.57542 -47.54017 -32.88289 -47.54017 -18.57542 -47.41409 -32.88289 -47.54017 -35.70023 -47.54017 -32.88289 -47.41409 -35.70023 -47.54017 -39.06426 -47.54017 -35.70023 -47.41409 -39.06426 -47.54017 -41.92369 -47.54017 -39.06426 -47.41409 -41.92369 -47.54017 -57.74492 -47.54017 -41.92369 -47.41409 -57.74492 -47.54017 -58.79612 -47.54017 -57.74492 -50.06429 -58.79509 -44.1764 -21.67699 -44.1764 -58.79509 -50.06429 -21.67699 -44.1764 19.41543 -44.1764 -21.67699 -50.06429 19.41543 -44.1764 23.14439 -44.1764 19.41543 -50.06429 23.14439 -44.1764 24.86172 -44.1764 23.14439 -50.06429 24.86172 -44.1764 27.70752 -44.1764 24.86172 -50.06429 27.70752 -44.1764 31.11749 -44.1764 27.70752 -50.06429 31.11749 -44.1764 42.40263 -44.1764 31.11749 -50.06429 42.40263 -44.1764 48.53583 -44.1764 42.40263 -50.06429 48.53583 -44.1764 53.51601 -44.1764 48.53583 -50.06429 53.51601 -44.1764 59.64921 -44.1764 53.51601 -43.8752 59.79492 -44.16988 59.79475 -44.16988 59.79492 -44.16988 59.79475 -43.8752 22.63109 -44.16988 22.63109 -43.8752 22.63109 -44.16988 -18.51182 -44.16988 22.63109 -43.8752 -18.51182 -44.16988 -22.2454 -44.16988 -18.51182 -43.8752 -22.2454 -44.16988 -23.96483 -44.16988 -22.2454 -43.8752 -23.96483 -44.16988 -26.81415 -44.16988 -23.96483 -43.8752 -26.81415 -44.16988 -30.22832 -44.16988 -26.81415 -43.8752 -30.22832 -44.16988 -41.52735 -44.16988 -30.22832 -43.8752 -41.52735 -44.16988 -47.66801 -44.16988 -41.52735 -43.8752 -47.66801 -44.16988 -52.65435 -44.16988 -47.66801 -43.8752 -52.65435 -44.16988 -58.79492 -44.16988 -52.65435 10.88121 58.51829 -50.05708 59.78789 10.88121 59.78789 10.88121 -20.44755 -50.05708 58.51829 10.88121 58.51829 10.88121 -58.78789 -50.05708 -20.44755 10.88121 -20.44755 10.90202 -57.51829 13.94891 -58.78789 10.90202 -58.78789 10.90202 21.4475 13.94891 -57.51829 10.90202 -57.51829 10.90202 59.78789 13.94895 21.4475 10.90202 21.4475 -50.0576 -58.5563 5.634042 -58.78841 -50.0576 -58.78841 -50.0576 15.6992 5.634042 -58.5563 -50.0576 -58.5563 -50.0576 59.78841 5.634042 15.6992 -50.0576 15.6992 8.438507 59.5563 5.653939 59.78841 8.438507 59.78841 8.438507 -14.69916 5.653939 59.5563 8.438507 59.5563 8.438507 -58.78841 5.653939 -14.69916 8.438507 -14.69916 -41.78523 59.79441 -50.0636 12.05536 -50.0636 59.79441 -41.78523 12.05536 -50.0636 -0.9487298 -50.0636 12.05536 -41.78523 -0.9487376 -50.0636 -6.088279 -50.0636 -0.9487298 -41.78523 -6.088279 -50.0636 -11.29679 -50.0636 -6.088279 -41.78523 -11.29679 -50.0636 -13.64239 -50.0636 -11.29679 -41.78523 -13.64239 -50.0636 -18.98886 -50.0636 -13.64239 -41.78523 -18.98886 -50.0636 -21.85185 -50.0636 -18.98886 -41.78523 -21.85185 -50.0636 -34.51095 -50.0636 -21.85185 -41.78523 -34.51095 -50.0636 -42.85849 -50.0636 -34.51095 -41.78523 -42.85849 -50.0636 -52.96515 -50.0636 -42.85849 -41.78523 -52.96515 -50.0636 -58.79441 -50.0636 -52.96515 -41.77751 -58.79441 -41.3636 -11.05536 -41.3636 -58.79441 -41.77751 -11.05536 -41.3636 1.948727 -41.3636 -11.05536 -41.77751 1.948727 -41.3636 7.088258 -41.3636 1.948727 -41.77751 7.088258 -41.3636 12.29679 -41.3636 7.088258 -41.77751 12.29679 -41.3636 14.64235 -41.3636 12.29679 -41.77751 14.64235 -41.3636 19.98886 -41.3636 14.64235 -41.77751 19.98886 -41.3636 22.8518 -41.3636 19.98886 -41.77751 22.8518 -41.3636 35.51095 -41.3636 22.8518 -41.77751 35.51095 -41.3636 43.8584 -41.3636 35.51095 -41.77751 43.8584 -41.3636 53.96498 -41.3636 43.8584 -41.77751 53.96498 -41.3636 59.79441 -41.3636 53.96498 -50.05708 -57.51006 11.2752 -58.78789 -50.05708 -58.78789 -50.05708 21.96629 11.2752 -57.51006 -50.05708 -57.51006 -50.05708 59.78789 11.2752 21.96629 -50.05708 21.96629 14.36269 58.51006 11.29607 59.78789 14.36269 59.78789 14.36269 -20.96629 11.29607 58.51006 14.36269 58.51006 14.36269 -58.78789 11.29607 -20.96629 14.36269 -20.96629 -29.54214 -58.79235 -50.06154 59.79235 -29.54214 59.79235 -29.53014 -58.79235 -28.50405 59.79235 -28.50405 -58.79235 -50.06 -39.67952 -17.7593 -58.7908 -50.06 -58.79064 -50.06 0.02336555 -17.7593 -39.67952 -50.06 -39.67952 -50.06 20.07667 -17.7593 0.02336555 -50.06 0.02336555 -17.7593 59.79064 -50.06 20.07667 -50.06 59.79064 -17.74412 -39.68158 -16.12927 -58.79064 -17.74412 -58.79064 -17.74412 0.01679491 -16.12927 -39.68166 -17.74412 -39.68158 -17.74412 20.06785 -16.12927 0.01679104 -17.74412 0.01679491 -16.12927 59.77744 -17.74412 20.06785 -17.74412 59.77744 -33.25134 59.79287 -50.06206 58.88223 -50.06206 59.79287 -33.25134 58.88223 -50.06206 32.33532 -50.06206 58.88223 -33.25134 32.33532 -50.06206 24.49032 -50.06206 32.33532 -33.25134 24.49032 -50.06206 21.82859 -50.06206 24.49032 -33.25134 21.82859 -50.06206 -16.2757 -50.06206 21.82859 -33.25134 -16.2757 -50.06206 -19.918 -50.06206 -16.2757 -33.25134 -19.918 -50.06206 -30.4948 -50.06206 -19.918 -33.25134 -30.4948 -50.06206 -58.79287 -50.06206 -30.4948 -32.39977 59.79287 -33.24037 58.88223 -33.24037 59.79287 -32.39977 58.88223 -33.24037 32.33532 -33.24037 58.88223 -32.39986 32.33532 -33.24037 24.49032 -33.24037 32.33532 -32.39986 24.49032 -33.24037 21.82863 -33.24037 24.49032 -32.39986 21.82863 -33.24037 -16.2757 -33.24037 21.82863 -32.39986 -16.2757 -33.24037 -19.918 -33.24037 -16.2757 -32.39986 -19.918 -33.24037 -30.49472 -33.24037 -19.918 -32.39986 -30.49472 -33.24037 -58.79287 -33.24037 -30.49472 -50.05966 -44.8918 -14.57407 -58.79046 -50.05966 -58.79046 -50.05966 -3.787826 -14.57407 -44.8918 -50.05966 -44.8918 -50.05966 7.449244 -14.57402 -3.787826 -50.05966 -3.787826 -50.05966 50.62332 -14.57402 7.449244 -50.05966 7.449244 -50.05949 59.79046 -14.57407 50.62332 -50.05966 50.62332 -14.55821 -44.8918 -12.78392 -58.79046 -14.55817 -58.79046 -14.55817 -3.787826 -12.78392 -44.8918 -14.55821 -44.8918 -14.55817 7.449244 -12.78392 -3.787826 -14.55817 -3.787826 -14.55817 50.62332 -12.78392 7.449244 -14.55817 7.449244 -14.55817 59.79046 -12.78388 50.62332 -14.55817 50.62332 6.266378 -58.78858 -1.638767 59.78858 6.266378 59.78858 -1.638767 -58.78858 -50.05777 59.78858 -1.638767 59.78858 6.285868 -58.78858 11.42171 -51.94069 11.42171 -58.78858 6.285868 -51.94069 11.42171 -9.998052 11.42171 -51.94069 -50.05691 -53.01641 12.90349 -58.78772 -50.05691 -58.78772 -50.05691 59.78772 12.90349 -53.01641 -50.05691 -53.01641 16.03991 52.84332 12.92462 58.55463 16.03991 58.55463 16.03991 -58.78772 12.92462 52.84332 16.03991 52.84332 4.670153 59.78858 -50.0576 58.64823 -50.0576 59.78858 4.670153 58.64823 -50.0576 24.21535 -50.0576 58.64823 4.670153 24.21535 -50.0576 -58.78858 -50.0576 24.21535 4.689856 -58.78858 7.417778 -57.65184 7.417778 -58.78858 4.689856 -57.65184 7.417778 -23.32549 7.417778 -57.65184 4.689856 -23.32549 7.417778 59.42138 7.417778 -23.32549 -50.05451 59.78532 46.08375 -58.78515 -50.05451 -58.78515 46.1099 -58.78515 50.91675 59.78515 50.91675 -58.78515 -33.2414 14.65739 -50.06206 59.79287 -33.2414 59.79287 -33.2414 -11.76507 -50.06206 14.65739 -33.2414 14.65739 -33.2414 -33.0712 -50.06206 -11.76507 -33.2414 -11.76507 -33.2414 -58.79287 -50.06206 -33.0712 -33.2414 -33.0712 -32.3894 14.65739 -33.23051 59.79287 -32.3894 59.79287 -32.3894 -11.76507 -33.23043 14.65739 -32.3894 14.65739 -32.3894 -33.0712 -33.23043 -11.76507 -32.3894 -11.76507 -32.3894 -58.79287 -33.23043 -33.0712 -32.3894 -33.0712 -50.05657 59.78721 18.35193 -58.78738 -50.05657 -58.78738 21.79438 59.78721 18.37395 -58.78738 18.37395 59.78721 -50.05657 59.78738 17.86211 -58.78738 -50.05657 -58.78738 21.28001 59.78738 17.88409 -58.78738 17.88409 59.78738 -47.54446 59.69824 -50.06531 59.69824 -50.06531 59.69824 -50.06531 58.30126 -50.06531 59.69824 -50.06531 58.30126 -47.54446 58.30126 -47.54446 59.69824 -47.54446 59.69824 -50.06531 58.30126 -50.06531 42.59806 -50.06531 42.59806 -47.54446 58.30126 -47.54446 42.59806 -47.54446 58.30126 -50.06531 42.59806 -50.06531 32.88201 -50.06531 32.88201 -47.54446 42.59806 -47.54446 32.88201 -47.54446 42.59806 -50.06531 32.88201 -50.06531 32.29383 -50.06531 32.29383 -47.54446 32.29383 -47.54446 32.88201 -47.54446 32.88201 -50.06531 31.76866 -50.06531 32.29383 -50.06531 31.76866 -47.54446 31.76866 -47.54446 32.29383 -47.54446 32.29383 -50.06531 31.76866 -50.06531 28.37592 -50.06531 28.37592 -47.54446 28.37592 -47.54446 31.76866 -47.54446 31.76866 -50.06531 28.37592 -50.06531 22.75636 -50.06531 22.75636 -47.54446 22.75636 -47.54446 28.37592 -47.54446 28.37592 -50.06531 22.75636 -50.06531 21.67447 -50.06531 21.67447 -47.54446 22.75636 -47.54446 21.67447 -47.54446 22.75636 -50.06531 21.67447 -50.06531 16.2125 -50.06531 16.2125 -47.54446 16.2125 -47.54446 21.67447 -47.54446 21.67447 -50.06531 15.08857 -50.06531 16.2125 -50.06531 15.08857 -47.54446 15.08857 -47.54446 16.2125 -47.54446 16.2125 -50.06531 15.08857 -50.06531 11.87969 -50.06531 11.87969 -47.54446 11.87969 -47.54446 15.08857 -47.54446 15.08857 -50.06531 11.87969 -50.06531 7.788437 -50.06531 7.788437 -47.54446 11.87969 -47.54446 7.788437 -47.54446 11.87969 -50.06531 7.788437 -50.06531 -2.201709 -50.06531 -2.201709 -47.54446 -2.201714 -47.54446 7.788437 -47.54446 7.788437 -50.06531 -2.201709 -50.06531 -18.60863 -50.06531 -18.60863 -47.54446 -18.60863 -47.54446 -2.201714 -47.54446 -2.201714 -50.06531 -18.60863 -50.06531 -32.90431 -50.06531 -32.90431 -47.54446 -32.90431 -47.54446 -18.60863 -47.54446 -18.60863 -50.06531 -35.71934 -50.06531 -32.90431 -50.06531 -35.71934 -47.54446 -35.71934 -47.54446 -32.90431 -47.54446 -32.90431 -50.06531 -35.71934 -50.06531 -39.08055 -50.06531 -39.08055 -47.54446 -35.71934 -47.54446 -39.08055 -47.54446 -35.71934 -50.06531 -39.08055 -50.06531 -41.93758 -50.06531 -41.93758 -47.54446 -39.08055 -47.54446 -41.93758 -47.54446 -39.08055 -50.06531 -41.93758 -50.06531 -57.74578 -50.06531 -57.74578 -47.54446 -57.74578 -47.54446 -41.93758 -47.54446 -41.93758 -50.06531 -58.79612 -50.06531 -57.74578 -50.06531 -58.79612 -47.54446 -58.79612 -47.73832 -58.79612 -47.73831 -58.79612 -47.73831 -58.79612 -49.83903 -58.79612 -47.73832 -58.79612 -50.06531 -58.79612 -49.83903 -58.79612 -49.83903 -58.79612 -47.54446 -58.79612 -47.54446 -57.74578 -47.54446 -57.74578 -47.41409 59.79612 -47.54017 59.79612 -47.54017 59.79612 -47.54017 58.39795 -47.54017 59.79612 -47.54017 58.39795 -47.54017 58.39795 -47.54017 42.6819 -47.54017 42.6819 -47.54017 42.6819 -47.54017 32.95786 -47.54017 32.95786 -47.54017 32.95786 -47.54017 32.36909 -47.54017 32.36909 -47.54017 31.84349 -47.54017 32.36909 -47.54017 31.84349 -47.54017 31.84349 -47.54017 28.44801 -47.54017 28.44801 -47.54017 28.44801 -47.54017 22.82377 -47.54017 22.82377 -47.54017 22.82377 -47.54017 21.74099 -47.54017 21.74099 -47.54017 21.74099 -47.54017 16.27452 -47.54017 16.27452 -47.54017 15.14965 -47.54017 16.27452 -47.54017 15.14965 -47.54017 15.14965 -47.54017 11.9381 -47.54017 11.9381 -47.54017 11.9381 -47.54017 7.843507 -47.54017 7.843507 -47.54017 7.843507 -47.54017 -2.15492 -47.54017 -2.15492 -47.54017 -2.15492 -47.54017 -18.57542 -47.54017 -18.57542 -47.54017 -18.57542 -47.54017 -32.88289 -47.54017 -32.88289 -47.54017 -35.70023 -47.54017 -32.88289 -47.54017 -35.70023 -47.54017 -35.70023 -47.54017 -39.06426 -47.54017 -39.06426 -47.54017 -39.06426 -47.54017 -41.92369 -47.54017 -41.92369 -47.54017 -41.92369 -47.54017 -57.74492 -47.54017 -57.74492 -47.54017 -58.79612 -47.54017 -57.74492 -47.54017 -58.79612 -47.54017 -58.79612 -47.41409 -58.79612 -47.41409 -58.79612 -50.06429 -58.79509 -44.1764 -58.79509 -44.1764 -58.79509 -44.1764 -21.67699 -44.1764 19.41543 -44.1764 19.41543 -50.06429 19.41543 -50.06429 -21.67699 -50.06429 -21.67699 -44.1764 23.14439 -44.1764 19.41543 -44.1764 23.14439 -50.06429 23.14439 -50.06429 19.41543 -50.06429 19.41543 -44.1764 23.14439 -44.1764 24.86172 -44.1764 24.86172 -50.06429 23.14439 -50.06429 24.86172 -50.06429 23.14439 -44.1764 27.70752 -44.1764 24.86172 -44.1764 27.70752 -50.06429 27.70752 -50.06429 24.86172 -50.06429 24.86172 -44.1764 27.70752 -44.1764 31.11749 -44.1764 31.11749 -50.06429 31.11749 -50.06429 27.70752 -50.06429 27.70752 -44.1764 31.11749 -44.1764 42.40263 -44.1764 42.40263 -50.06429 31.11749 -50.06429 42.40263 -50.06429 31.11749 -44.1764 42.40263 -44.1764 48.53583 -44.1764 48.53583 -50.06429 42.40263 -50.06429 48.53583 -50.06429 42.40263 -44.1764 53.51601 -44.1764 48.53583 -44.1764 53.51601 -50.06429 53.51601 -50.06429 48.53583 -50.06429 48.53583 -44.1764 53.51601 -44.1764 59.64921 -44.1764 59.64921 -44.1764 59.64921 -50.06429 59.64921 -50.06429 59.64921 -50.06429 53.51601 -50.06429 59.64921 -50.06429 53.51601 -44.1764 -58.79509 -44.1764 -21.67699 -44.1764 -21.67699 -50.06429 -58.79509 -50.06429 -21.67699 -50.06429 -58.79509 -44.16988 59.79475 -44.16988 59.79492 -44.16988 59.79475 -43.8752 59.79492 -43.8752 59.79475 -43.8752 59.79492 -44.16988 59.79475 -44.16988 22.63109 -44.16988 22.63109 -43.8752 59.79475 -43.8752 22.63109 -43.8752 59.79475 -44.16988 22.63109 -44.16988 -18.51182 -44.16988 -18.51182 -44.16988 -22.2454 -44.16988 -18.51182 -44.16988 -22.2454 -44.16988 -22.2454 -44.16988 -23.96483 -44.16988 -23.96483 -44.16988 -26.81415 -44.16988 -23.96483 -44.16988 -26.81415 -44.16988 -26.81415 -44.16988 -30.22832 -44.16988 -30.22832 -44.16988 -30.22832 -44.16988 -41.52735 -44.16988 -41.52735 -44.16988 -41.52735 -44.16988 -47.66801 -44.16988 -47.66801 -44.16988 -52.65435 -44.16988 -47.66801 -44.16988 -52.65435 -44.16988 -52.65435 -44.16988 -58.79492 -44.16988 -58.79492 -44.16988 -58.79492 -43.8752 -58.79509 -43.8752 -58.79509 10.88121 59.78789 -50.05708 59.78789 -50.05708 59.78789 10.88121 59.78789 10.88121 58.51829 10.88121 59.78789 10.88121 58.51829 10.88121 58.51829 10.88121 59.78789 -50.05708 58.51829 -50.05708 59.78789 -50.05708 58.51829 -50.05708 59.78789 -50.05708 59.78789 -50.05708 58.51829 10.88121 -20.44755 10.88121 58.51829 10.88121 58.51829 -50.05708 58.51829 -50.05708 -20.44755 -50.05708 -20.44755 10.88121 -58.78789 10.88121 -20.44755 10.88121 -20.44755 -50.05708 -58.78789 10.88121 -58.78789 10.88121 -58.78789 -50.05708 -58.78789 -50.05708 -20.44755 -50.05708 -58.78789 10.90202 -58.78789 13.94891 -58.78789 13.94891 -58.78789 10.90202 -58.78789 10.90202 -57.51829 10.90202 -58.78789 10.90202 -57.51829 10.90202 -57.51829 10.90202 -58.78789 13.94891 -57.51829 13.94891 -58.78789 13.94891 -57.51829 13.94891 -58.78789 13.94891 -58.78789 13.94891 -57.51829 10.90202 21.4475 10.90202 -57.51829 10.90202 -57.51829 10.90202 59.78789 10.90202 21.4475 10.90202 21.4475 13.94895 59.78789 10.90202 59.78789 10.90202 59.78789 -50.0576 -58.78841 5.634042 -58.78841 5.634042 -58.78841 -50.0576 -58.5563 -50.0576 -58.78841 -50.0576 -58.78841 5.634042 -58.5563 5.634042 -58.78841 5.634042 -58.5563 -50.0576 -58.5563 -50.0576 15.6992 -50.0576 -58.5563 5.634042 -58.5563 5.634042 15.6992 5.634042 15.6992 -50.0576 59.78841 -50.0576 15.6992 -50.0576 15.6992 5.634042 59.78841 -50.0576 59.78841 -50.0576 59.78841 5.634042 59.78841 5.634042 15.6992 5.634042 59.78841 8.438507 59.78841 5.653939 59.78841 5.653939 59.78841 8.438507 59.5563 8.438507 59.78841 8.438507 59.78841 8.438507 59.5563 8.438507 -14.69916 8.438507 59.5563 8.438507 -58.78841 8.438507 -14.69916 8.438507 -14.69916 5.653939 -58.78841 8.438507 -58.78841 8.438507 -58.78841 -41.78523 59.79441 -50.0636 59.79441 -50.0636 59.79441 -50.0636 59.79441 -50.0636 12.05536 -50.0636 12.05536 -41.78523 59.79441 -41.78523 12.05536 -41.78523 59.79441 -50.0636 -0.9487298 -50.0636 12.05536 -50.0636 -0.9487298 -41.78523 -0.9487376 -41.78523 12.05536 -41.78523 12.05536 -50.0636 -0.9487298 -50.0636 -6.088279 -50.0636 -6.088279 -41.78523 -0.9487376 -41.78523 -6.088279 -41.78523 -0.9487376 -50.0636 -11.29679 -50.0636 -6.088279 -50.0636 -11.29679 -41.78523 -11.29679 -41.78523 -6.088279 -41.78523 -6.088279 -50.0636 -11.29679 -50.0636 -13.64239 -50.0636 -13.64239 -41.78523 -13.64239 -41.78523 -11.29679 -41.78523 -11.29679 -50.0636 -13.64239 -50.0636 -18.98886 -50.0636 -18.98886 -41.78523 -13.64239 -41.78523 -18.98886 -41.78523 -13.64239 -50.0636 -18.98886 -50.0636 -21.85185 -50.0636 -21.85185 -41.78523 -21.85185 -41.78523 -18.98886 -41.78523 -18.98886 -50.0636 -34.51095 -50.0636 -21.85185 -50.0636 -34.51095 -41.78523 -34.51095 -41.78523 -21.85185 -41.78523 -21.85185 -50.0636 -34.51095 -50.0636 -42.85849 -50.0636 -42.85849 -41.78523 -42.85849 -41.78523 -34.51095 -41.78523 -34.51095 -50.0636 -42.85849 -50.0636 -52.96515 -50.0636 -52.96515 -41.78523 -52.96515 -41.78523 -42.85849 -41.78523 -42.85849 -50.0636 -52.96515 -50.0636 -58.79441 -50.0636 -58.79441 -50.0636 -58.79441 -41.78523 -58.79441 -41.78523 -58.79441 -41.78523 -52.96515 -41.78523 -58.79441 -41.78523 -52.96515 -41.77751 -58.79441 -41.3636 -58.79441 -41.3636 -58.79441 -41.3636 -58.79441 -41.3636 -11.05536 -41.3636 -11.05536 -41.3636 1.948727 -41.3636 -11.05536 -41.3636 1.948727 -41.3636 1.948727 -41.3636 7.088258 -41.3636 7.088258 -41.3636 12.29679 -41.3636 7.088258 -41.3636 12.29679 -41.3636 12.29679 -41.3636 14.64235 -41.3636 14.64235 -41.3636 14.64235 -41.3636 19.98886 -41.3636 19.98886 -41.3636 19.98886 -41.3636 22.8518 -41.3636 22.8518 -41.3636 35.51095 -41.3636 22.8518 -41.3636 35.51095 -41.3636 35.51095 -41.3636 43.8584 -41.3636 43.8584 -41.3636 43.8584 -41.3636 53.96498 -41.3636 53.96498 -41.3636 53.96498 -41.3636 59.79441 -41.3636 59.79441 -41.3636 59.79441 -41.77751 59.79441 -41.77751 59.79441 -41.77751 53.96498 -41.77751 59.79441 -41.77751 53.96498 -50.05708 -58.78789 11.2752 -58.78789 11.2752 -58.78789 -50.05708 -58.78789 -50.05708 -57.51006 -50.05708 -58.78789 -50.05708 -57.51006 -50.05708 -57.51006 -50.05708 -58.78789 11.2752 -57.51006 11.2752 -58.78789 11.2752 -57.51006 11.2752 -58.78789 11.2752 -58.78789 11.2752 -57.51006 -50.05708 21.96629 -50.05708 -57.51006 -50.05708 -57.51006 11.2752 21.96629 11.2752 -57.51006 11.2752 21.96629 -50.05708 59.78789 -50.05708 21.96629 -50.05708 21.96629 11.27522 59.78789 -50.05708 59.78789 -50.05708 59.78789 11.27522 59.78789 11.2752 21.96629 11.27522 59.78789 14.36269 59.78789 11.29607 59.78789 11.29607 59.78789 14.36269 59.78789 14.36269 58.51006 14.36269 59.78789 14.36269 58.51006 14.36269 58.51006 14.36269 59.78789 11.29607 58.51006 11.29607 59.78789 11.29607 58.51006 11.29607 59.78789 11.29607 59.78789 11.29607 58.51006 14.36269 -20.96629 14.36269 58.51006 14.36269 58.51006 14.36269 -58.78789 14.36269 -20.96629 14.36269 -20.96629 11.29607 -58.78789 14.36269 -58.78789 14.36269 -58.78789 11.29607 -58.78789 11.29607 -20.96629 11.29607 -58.78789 -29.54214 59.79235 -50.06154 59.79235 -50.06154 59.79235 -29.54214 -58.79235 -29.54214 59.79235 -29.54214 59.79235 -50.06154 -58.79235 -29.54214 -58.79235 -29.54214 -58.79235 -50.06154 59.79235 -50.06154 -58.79235 -50.06154 -58.79235 -29.53014 -58.79235 -28.50405 -58.79235 -28.50405 -58.79235 -28.50405 -58.79235 -28.50405 59.79235 -28.50405 59.79235 -28.50405 59.79235 -29.53014 59.79235 -29.53014 59.79235 -29.53014 59.79235 -29.53014 -58.79235 -29.53014 -58.79235 -50.06 -58.79064 -50.06 -39.67952 -50.06 -58.79064 -17.7593 -58.7908 -17.7593 -39.67952 -17.7593 -39.67952 -50.06 0.02336555 -50.06 -39.67952 -50.06 -39.67952 -17.7593 0.02336555 -17.7593 -39.67952 -17.7593 0.02336555 -50.06 0.02336555 -50.06 20.07667 -50.06 0.02336555 -17.7593 0.02336555 -17.7593 20.07667 -17.7593 20.07667 -50.06 59.79064 -50.06 20.07667 -50.06 20.07667 -17.7593 59.79064 -17.7593 20.07667 -17.7593 59.79064 -17.74412 -58.79064 -17.74412 -39.68158 -17.74412 -58.79064 -17.74412 0.01679491 -17.74412 -39.68158 -17.74412 -39.68158 -17.74412 0.01679491 -17.74412 20.06785 -17.74412 0.01679491 -17.74412 59.77744 -17.74412 20.06785 -17.74412 20.06785 -33.25134 59.79287 -50.06206 59.79287 -50.06206 59.79287 -50.06206 58.88223 -50.06206 59.79287 -50.06206 58.88223 -33.25134 58.88223 -33.25134 59.79287 -33.25134 59.79287 -50.06206 58.88223 -50.06206 32.33532 -50.06206 32.33532 -33.25134 58.88223 -33.25134 32.33532 -33.25134 58.88223 -50.06206 24.49032 -50.06206 32.33532 -50.06206 24.49032 -33.25134 24.49032 -33.25134 32.33532 -33.25134 32.33532 -50.06206 21.82859 -50.06206 24.49032 -50.06206 21.82859 -33.25134 21.82859 -33.25134 24.49032 -33.25134 24.49032 -50.06206 -16.2757 -50.06206 21.82859 -50.06206 -16.2757 -33.25134 -16.2757 -33.25134 21.82859 -33.25134 21.82859 -50.06206 -16.2757 -50.06206 -19.918 -50.06206 -19.918 -33.25134 -16.2757 -33.25134 -19.918 -33.25134 -16.2757 -50.06206 -19.918 -50.06206 -30.4948 -50.06206 -30.4948 -33.25134 -30.4948 -33.25134 -19.918 -33.25134 -19.918 -50.06206 -58.79287 -50.06206 -30.4948 -50.06206 -58.79287 -50.06206 -58.79287 -33.25134 -58.79287 -33.25134 -58.79287 -33.25134 -58.79287 -33.25134 -30.4948 -33.25134 -30.4948 -32.39977 59.79287 -33.24037 59.79287 -33.24037 59.79287 -33.24037 58.88223 -33.24037 59.79287 -33.24037 58.88223 -33.24037 58.88223 -33.24037 32.33532 -33.24037 32.33532 -33.24037 24.49032 -33.24037 32.33532 -33.24037 24.49032 -33.24037 21.82863 -33.24037 24.49032 -33.24037 21.82863 -33.24037 -16.2757 -33.24037 21.82863 -33.24037 -16.2757 -33.24037 -16.2757 -33.24037 -19.918 -33.24037 -19.918 -33.24037 -19.918 -33.24037 -30.49472 -33.24037 -30.49472 -33.24037 -58.79287 -33.24037 -30.49472 -33.24037 -58.79287 -33.24037 -58.79287 -32.39986 -58.79287 -32.39986 -58.79287 -50.05966 -58.79046 -14.57407 -58.79046 -14.57407 -58.79046 -50.05966 -44.8918 -50.05966 -58.79046 -50.05966 -58.79046 -14.57407 -44.8918 -14.57407 -58.79046 -14.57407 -44.8918 -50.05966 -44.8918 -50.05966 -3.787826 -50.05966 -44.8918 -14.57407 -44.8918 -14.57402 -3.787826 -14.57402 -3.787826 -50.05966 7.449244 -50.05966 -3.787826 -50.05966 -3.787826 -14.57402 -3.787826 -14.57402 7.449244 -14.57402 7.449244 -50.05966 50.62332 -50.05966 7.449244 -50.05966 7.449244 -14.57407 50.62332 -14.57402 7.449244 -14.57407 50.62332 -50.05949 59.79046 -50.05966 50.62332 -50.05966 50.62332 -14.57402 59.79046 -50.05949 59.79046 -50.05949 59.79046 -14.57402 59.79046 -14.57407 50.62332 -14.57402 59.79046 -14.55817 -58.79046 -12.78392 -58.79046 -12.78392 -58.79046 -14.55821 -44.8918 -14.55817 -58.79046 -14.55817 -58.79046 -14.55821 -44.8918 -14.55817 -3.787826 -14.55821 -44.8918 -14.55817 7.449244 -14.55817 -3.787826 -14.55817 -3.787826 -14.55817 50.62332 -14.55817 7.449244 -14.55817 7.449244 -14.55817 59.79046 -14.55817 50.62332 -14.55817 50.62332 -12.78392 59.79046 -14.55817 59.79046 -14.55817 59.79046 6.266378 -58.78858 6.266378 59.78858 6.266378 59.78858 6.266378 59.78858 -1.638767 59.78858 -1.638767 59.78858 6.266378 -58.78858 -1.638767 -58.78858 6.266378 -58.78858 -50.05777 59.78858 -1.638767 59.78858 -50.05777 59.78858 -50.05777 59.78858 -50.05777 -58.78858 -50.05777 -58.78858 -50.05777 -58.78858 -1.638767 -58.78858 -1.638767 -58.78858 6.285868 -58.78858 11.42171 -58.78858 11.42171 -58.78858 11.42171 -58.78858 11.42171 -51.94069 11.42171 -51.94069 11.42171 -9.998052 11.42171 -51.94069 11.42171 -9.998052 11.42171 -9.998052 6.285868 -9.998052 6.285868 -9.998052 -50.05691 -58.78772 12.90349 -58.78772 12.90349 -58.78772 -50.05691 -58.78772 -50.05691 -53.01641 -50.05691 -58.78772 12.90349 -58.78772 12.90349 -53.01641 12.90349 -53.01641 -50.05691 59.78772 -50.05691 -53.01641 -50.05691 -53.01641 12.90349 59.78772 -50.05691 59.78772 -50.05691 59.78772 12.90349 59.78772 12.90349 -53.01641 12.90349 59.78772 16.03991 58.55463 12.92462 58.55463 12.92462 58.55463 16.03991 58.55463 16.03991 52.84332 16.03991 58.55463 16.03991 -58.78772 16.03991 52.84332 16.03991 52.84332 12.92458 -58.78772 16.03991 -58.78772 16.03991 -58.78772 4.670153 59.78858 -50.0576 59.78858 -50.0576 59.78858 -50.0576 59.78858 -50.0576 59.78858 -50.0576 58.64823 -50.0576 58.64823 -50.0576 59.78858 -50.0576 58.64823 4.670153 59.78858 4.670153 58.64823 4.670153 59.78858 4.670153 58.64823 4.670153 58.64823 4.670153 59.78858 -50.0576 58.64823 -50.0576 24.21535 -50.0576 24.21535 4.670153 24.21535 4.670153 58.64823 4.670153 58.64823 -50.0576 -58.78858 -50.0576 24.21535 -50.0576 -58.78858 -50.0576 -58.78858 4.670142 -58.78858 4.670142 -58.78858 4.670142 -58.78858 4.670153 24.21535 4.670153 24.21535 4.689856 -58.78858 7.417778 -58.78858 7.417778 -58.78858 7.417778 -58.78858 7.417778 -58.78858 7.417778 -57.65184 7.417778 -57.65184 7.417778 -58.78858 7.417778 -57.65184 4.689856 -58.78858 4.689856 -57.65184 4.689856 -58.78858 4.689856 -57.65184 4.689856 -57.65184 4.689856 -58.78858 7.417778 -57.65184 7.417778 -23.32549 7.417778 -23.32549 7.417778 59.42138 7.417778 -23.32549 7.417778 59.42138 7.417778 59.42138 4.689856 59.42138 4.689856 59.42138 -50.05451 -58.78515 46.08375 -58.78515 46.08375 -58.78515 -50.05451 59.78532 -50.05451 -58.78515 -50.05451 -58.78515 46.08375 59.78515 -50.05451 59.78532 -50.05451 59.78532 46.08375 -58.78515 46.08375 59.78515 46.08375 59.78515 46.1099 -58.78515 50.91675 -58.78515 50.91675 -58.78515 50.91675 -58.78515 50.91675 59.78515 50.91675 59.78515 50.91675 59.78515 46.1099 59.78515 46.1099 59.78515 46.1099 59.78515 46.1099 -58.78515 46.1099 -58.78515 -33.2414 59.79287 -50.06206 59.79287 -50.06206 59.79287 -33.2414 59.79287 -33.2414 14.65739 -33.2414 59.79287 -50.06206 59.79287 -50.06206 14.65739 -50.06206 14.65739 -33.2414 -11.76507 -33.2414 14.65739 -33.2414 14.65739 -50.06206 -11.76507 -50.06206 14.65739 -50.06206 -11.76507 -33.2414 -33.0712 -33.2414 -11.76507 -33.2414 -11.76507 -50.06206 -11.76507 -50.06206 -33.0712 -50.06206 -33.0712 -33.2414 -58.79287 -33.2414 -33.0712 -33.2414 -33.0712 -50.06206 -58.79287 -33.2414 -58.79287 -33.2414 -58.79287 -50.06206 -58.79287 -50.06206 -33.0712 -50.06206 -58.79287 -32.3894 59.79287 -33.23051 59.79287 -33.23051 59.79287 -32.3894 59.79287 -32.3894 14.65739 -32.3894 59.79287 -32.3894 -11.76507 -32.3894 14.65739 -32.3894 14.65739 -32.3894 -33.0712 -32.3894 -11.76507 -32.3894 -11.76507 -32.3894 -58.79287 -32.3894 -33.0712 -32.3894 -33.0712 -33.23043 -58.79287 -32.3894 -58.79287 -32.3894 -58.79287 -50.05657 -58.78738 18.35193 -58.78738 18.35193 -58.78738 -50.05657 59.78721 -50.05657 -58.78738 -50.05657 -58.78738 18.35193 59.78721 -50.05657 59.78721 -50.05657 59.78721 18.35193 -58.78738 18.35193 59.78721 18.35193 59.78721 21.79438 59.78721 18.37395 59.78721 18.37395 59.78721 18.37395 59.78721 18.37395 -58.78738 18.37395 -58.78738 18.37395 -58.78738 21.79438 -58.78721 21.79438 -58.78721 21.79438 -58.78721 21.79438 59.78721 21.79438 59.78721 -50.05657 -58.78738 17.86211 -58.78738 17.86211 -58.78738 -50.05657 59.78738 -50.05657 -58.78738 -50.05657 -58.78738 17.86211 59.78738 -50.05657 59.78738 -50.05657 59.78738 17.86211 -58.78738 17.86211 59.78738 17.86211 59.78738 21.28001 59.78738 17.88409 59.78738 17.88409 59.78738 17.88409 59.78738 17.88409 -58.78738 17.88409 -58.78738 17.88409 -58.78738 21.28001 -58.78738 21.28001 -58.78738 21.28001 -58.78738 21.28001 59.78738 21.28001 59.78738 0.375 0.2968036 0.625 0.4530534 0.625 0.2968036 0.375 0.9531964 0.625 0.7969467 0.375 0.7969467 0.1718036 0.75 0.3280533 0.5 0.1718036 0.5 0.6719467 0.5 0.8281964 0.75 0.8281964 0.5 0.375 0.2968036 0.625 0.4530534 0.625 0.2968036 0.375 0.9531964 0.625 0.7969467 0.375 0.7969467 0.1718036 0.75 0.3280533 0.5 0.1718036 0.5 0.6719467 0.5 0.8281964 0.75 0.8281964 0.5 0.5780534 0.4530534 0.625 0.2968036 0.4218036 0.2968036 0.4218036 0.2968036 0.375 0.4530534 0.5780534 0.4530534 0.625 0.7969467 0.5719468 0.9469467 0.625 0.9469469 0.375 0.7969467 0.4156971 0.7906971 0.375 0.7906971 0.4219467 0.7969467 0.625 0.7906971 0.4156971 0.7906971 0.625 0.9469469 0.5781964 0.9531965 0.625 0.9531964 0.5719468 0.9469467 0.375 0.9531964 0.5781964 0.9531965 0.375 0.9469469 0.4219467 0.7969467 0.375 0.7969467 0.1721726 0.5047385 0.1718036 0.5 0.1718036 0.5047385 0.3280534 0.75 0.3280534 0.7345586 0.1900694 0.7345586 0.3280534 0.75 0.3343029 0.7345586 0.3280534 0.7345586 0.3280533 0.5 0.1721726 0.5047385 0.3280533 0.5047385 0.1718036 0.7188533 0.1780532 0.7345586 0.1900694 0.7345586 0.2651913 0.6401908 0.3267172 0.7017168 0.2828894 0.6578891 0.3280533 0.7030534 0.2828894 0.6578891 0.3267172 0.7017168 0.6719467 0.75 0.6656971 0.7345586 0.6656971 0.75 0.8219469 0.75 0.8219469 0.7345586 0.679722 0.7345585 0.6719467 0.7341516 0.8219469 0.7345586 0.8281963 0.7188532 0.6719467 0.5 0.8281964 0.5047385 0.8281964 0.5 0.1718036 0.5 0.1718035 0.5468036 0.1719118 0.546912 0.1757563 0.5537304 0.1757563 0.5537301 0.1719168 0.549247 0.1718035 0.5491151 0.1719118 0.546912 0.1718035 0.5468036 0.2413285 0.6163289 0.3280533 0.5 0.1757563 0.5537304 0.3267172 0.7299914 0.3280534 0.7030534 0.2651913 0.658154 0.2651913 0.658154 0.2828888 0.6788184 0.3267172 0.7299914 0.2651913 0.658154 0.2651913 0.6581542 0.2828888 0.6788184 0.3280534 0.731552 0.3267172 0.7299914 0.2828888 0.6788184 0.6736752 0.5486756 0.8281964 0.5 0.6719466 0.5469467 0.8281964 0.7317191 0.6719467 0.75 0.8281964 0.75 0.6719467 0.5492822 0.6736752 0.5486756 0.6719466 0.5469467 0.625 0.4482296 0.375 0.2919804 0.375 0.4482296 0.625 0.8017705 0.375 0.9580196 0.625 0.9580196 0.3232296 0.5 0.1669804 0.75 0.3232296 0.75 0.6767705 0.5 0.8330196 0.75 0.8330196 0.5 0.375 0.4482296 0.625 0.2919804 0.375 0.2919804 0.625 0.8017705 0.375 0.9580196 0.625 0.9580196 0.3232296 0.75 0.1669804 0.5 0.1669804 0.75 0.6767705 0.5 0.8330196 0.75 0.8330196 0.5 0.375 0.4482296 0.625 0.2919804 0.375 0.2919804 0.625 0.8017705 0.375 0.9580196 0.625 0.9580196 0.3232296 0.5 0.1669804 0.75 0.3232296 0.75 0.8330196 0.75 0.6767705 0.5 0.6767705 0.75 -50.06531 58.30126 -47.54446 58.30126 -47.54446 59.69824 -47.73831 47.53186 -47.73831 43.14127 -47.54446 42.59806 -47.54446 42.59806 -47.54446 58.30126 -47.73832 48.53979 -47.54446 58.30126 -47.73832 52.93039 -47.73832 48.53979 -47.73831 47.53186 -47.54446 42.59806 -47.73832 48.53979 -49.83903 48.53979 -49.83904 52.93039 -50.06531 58.30126 -47.73831 47.53186 -47.73832 48.53979 -49.83903 48.53979 -50.06531 42.59806 -49.83903 43.14126 -49.83904 47.53185 -49.83904 47.53185 -47.73831 47.53186 -49.83903 48.53979 -49.83903 48.53979 -50.06531 58.30126 -50.06531 42.59806 -47.54446 42.59806 -47.73831 43.14127 -49.83903 43.14126 -49.83903 57.65256 -49.83903 58.19956 -50.06531 58.30126 -47.54446 58.30126 -47.73832 58.19956 -47.73832 57.65256 -47.54446 58.30126 -47.73832 57.65256 -47.73832 54.63096 -49.83903 57.37759 -49.83903 57.65256 -50.06531 58.30126 -49.83904 53.89219 -49.83903 57.37759 -50.06531 58.30126 -47.54446 58.30126 -47.73832 54.63096 -47.73832 54.59619 -47.54446 58.30126 -47.73832 54.59619 -47.73832 53.8922 -49.83904 53.80897 -49.83904 53.89219 -50.06531 58.30126 -49.83904 53.80897 -50.06531 58.30126 -49.83904 52.93039 -47.54446 58.30126 -47.73832 53.8922 -47.73832 53.80898 -48.13161 53.80898 -49.83904 53.80897 -49.83904 52.93039 -47.73832 52.93039 -47.54446 58.30126 -47.73832 53.80898 -47.73832 53.80898 -48.13161 53.80898 -47.73832 52.93039 -49.44575 58.19956 -47.73832 58.19956 -47.54446 58.30126 -47.54446 58.30126 -50.06531 58.30126 -49.44575 58.19956 -50.06531 32.88201 -47.54446 32.88201 -47.54446 42.59806 -50.06531 32.29383 -47.54446 32.29383 -47.54446 32.88201 -50.06531 31.76866 -47.54446 31.76866 -47.54446 32.29383 -50.06531 28.37592 -47.54446 28.37592 -47.54446 31.76866 -50.06531 22.75636 -47.54446 22.75636 -47.54446 28.37592 -50.06531 21.67447 -47.54446 21.67447 -47.54446 22.75636 -50.06531 16.2125 -47.54446 16.2125 -47.54446 21.67447 -50.06531 15.08857 -47.54446 15.08857 -47.54446 16.2125 -50.06531 11.87969 -47.54446 11.87969 -47.54446 15.08857 -50.06531 7.788437 -47.54446 7.788437 -47.54446 11.87969 -50.06531 -2.201709 -47.54446 -2.201714 -47.54446 7.788437 -47.54446 -18.60863 -47.73832 -17.98225 -49.83904 -17.98225 -47.73832 -13.59167 -47.73832 -17.98225 -47.54446 -18.60863 -50.06531 -18.60863 -49.83904 -17.98225 -49.83903 -13.59166 -47.73832 -13.59167 -47.54446 -18.60863 -47.73832 -12.60228 -49.83903 -12.60228 -50.06531 -18.60863 -49.83903 -13.59166 -49.83903 -13.59166 -47.73832 -13.59167 -47.73832 -12.60228 -47.54446 -2.201714 -50.06531 -2.201709 -49.83903 -2.590564 -49.83904 -6.981148 -49.83903 -2.590564 -50.06531 -2.201709 -50.06531 -2.201709 -50.06531 -18.60863 -49.83903 -8.2117 -50.06531 -18.60863 -49.83903 -12.60228 -49.83903 -8.2117 -49.83904 -6.981148 -50.06531 -2.201709 -49.83903 -8.2117 -47.73832 -8.211703 -47.73832 -12.60228 -47.54446 -18.60863 -49.83904 -6.981148 -49.83903 -8.2117 -47.73832 -8.211703 -47.54446 -2.201714 -47.73832 -2.590568 -47.73831 -6.981151 -47.73831 -6.981151 -49.83904 -6.981148 -47.73832 -8.211703 -47.73832 -8.211703 -47.54446 -18.60863 -47.54446 -2.201714 -50.06531 -32.90431 -47.54446 -32.90431 -47.54446 -18.60863 -50.06531 -35.71934 -47.54446 -35.71934 -47.54446 -32.90431 -50.06531 -39.08055 -47.54446 -39.08055 -47.54446 -35.71934 -50.06531 -41.93758 -47.54446 -41.93758 -47.54446 -39.08055 -50.06531 -57.74578 -47.54446 -57.74578 -47.54446 -41.93758 -49.39323 -58.52494 -49.83903 -58.52494 -49.83903 -58.79612 -49.83903 -58.79612 -47.73832 -58.79612 -49.39323 -58.52494 -47.73831 -58.52494 -47.73832 -58.79612 -47.54446 -58.79612 -50.06531 -57.74578 -50.06531 -58.79612 -49.83903 -58.52494 -50.06531 -58.79612 -49.83903 -58.79612 -49.83903 -58.52494 -47.73831 -58.52494 -47.54446 -58.79612 -47.54446 -57.74578 -50.06531 -57.74578 -49.83903 -58.52494 -49.39323 -58.52494 -49.39323 -58.52494 -47.73831 -58.52494 -47.54446 -57.74578 -47.54017 58.39795 -47.41409 58.39795 -47.41409 59.79612 -47.54017 42.6819 -47.41409 42.6819 -47.41409 58.39795 -47.54017 32.95786 -47.41409 32.95786 -47.41409 42.6819 -47.54017 32.36909 -47.41409 32.36909 -47.41409 32.95786 -47.54017 31.84349 -47.41409 31.84349 -47.41409 32.36909 -47.54017 28.44801 -47.41409 28.44801 -47.41409 31.84349 -47.54017 22.82377 -47.41409 22.82377 -47.41409 28.44801 -47.54017 21.74099 -47.41409 21.74099 -47.41409 22.82377 -47.54017 16.27452 -47.41409 16.27452 -47.41409 21.74099 -47.54017 15.14965 -47.41409 15.14965 -47.41409 16.27452 -47.54017 11.9381 -47.41409 11.9381 -47.41409 15.14965 -47.54017 7.843507 -47.41409 7.843507 -47.41409 11.9381 -47.54017 -2.15492 -47.41409 -2.15492 -47.41409 7.843507 -47.54017 -18.57542 -47.41409 -18.57542 -47.41409 -2.15492 -47.54017 -32.88289 -47.41409 -32.88289 -47.41409 -18.57542 -47.54017 -35.70023 -47.41409 -35.70023 -47.41409 -32.88289 -47.54017 -39.06426 -47.41409 -39.06426 -47.41409 -35.70023 -47.54017 -41.92369 -47.41409 -41.92369 -47.41409 -39.06426 -47.54017 -57.74492 -47.41409 -57.74492 -47.41409 -41.92369 -47.54017 -58.79612 -47.41409 -58.79612 -47.41409 -57.74492 -44.1764 -21.67699 -50.06429 -21.67699 -50.06429 -58.79509 -44.1764 19.41543 -50.06429 19.41543 -50.06429 -21.67699 -44.1764 23.14439 -50.06429 23.14439 -50.06429 19.41543 -44.1764 24.86172 -50.06429 24.86172 -50.06429 23.14439 -44.1764 27.70752 -50.06429 27.70752 -50.06429 24.86172 -44.1764 31.11749 -50.06429 31.11749 -50.06429 27.70752 -44.1764 42.40263 -50.06429 42.40263 -50.06429 31.11749 -44.1764 48.53583 -50.06429 48.53583 -50.06429 42.40263 -44.1764 53.51601 -50.06429 53.51601 -50.06429 48.53583 -44.1764 59.64921 -50.06429 59.64921 -50.06429 53.51601 -44.16988 22.63109 -43.8752 22.63109 -43.8752 59.79475 -44.16988 -18.51182 -43.8752 -18.51182 -43.8752 22.63109 -44.16988 -22.2454 -43.8752 -22.2454 -43.8752 -18.51182 -44.16988 -23.96483 -43.8752 -23.96483 -43.8752 -22.2454 -44.16988 -26.81415 -43.8752 -26.81415 -43.8752 -23.96483 -44.16988 -30.22832 -43.8752 -30.22832 -43.8752 -26.81415 -44.16988 -41.52735 -43.8752 -41.52735 -43.8752 -30.22832 -44.16988 -47.66801 -43.8752 -47.66801 -43.8752 -41.52735 -44.16988 -52.65435 -43.8752 -52.65435 -43.8752 -47.66801 -44.16988 -58.79492 -43.8752 -58.79509 -43.8752 -52.65435 -50.05708 59.78789 -50.05708 58.51829 10.88121 58.51829 -50.05708 58.51829 -50.05708 -20.44755 10.88121 -20.44755 -50.05708 -20.44755 -50.05708 -58.78789 10.88121 -58.78789 13.94891 -58.78789 13.94891 -57.51829 10.90202 -57.51829 13.94891 -57.51829 13.94895 21.4475 10.90202 21.4475 13.94895 21.4475 13.94895 59.78789 10.90202 59.78789 5.634042 -58.78841 5.634042 -58.5563 -50.0576 -58.5563 5.634042 -58.5563 5.634042 15.6992 -50.0576 15.6992 5.634042 15.6992 5.634042 59.78841 -50.0576 59.78841 5.653939 59.78841 5.653939 59.5563 8.438507 59.5563 5.653939 59.5563 5.653939 -14.69916 8.438507 -14.69916 5.653939 -14.69916 5.653939 -58.78841 8.438507 -58.78841 -50.0636 12.05536 -41.78523 12.05536 -41.78523 59.79441 -50.0636 -0.9487298 -41.78523 -0.9487376 -41.78523 12.05536 -50.0636 -6.088279 -41.78523 -6.088279 -41.78523 -0.9487376 -50.0636 -11.29679 -41.78523 -11.29679 -41.78523 -6.088279 -50.0636 -13.64239 -41.78523 -13.64239 -41.78523 -11.29679 -50.0636 -18.98886 -41.78523 -18.98886 -41.78523 -13.64239 -50.0636 -21.85185 -41.78523 -21.85185 -41.78523 -18.98886 -50.0636 -34.51095 -41.78523 -34.51095 -41.78523 -21.85185 -50.0636 -42.85849 -41.78523 -42.85849 -41.78523 -34.51095 -50.0636 -52.96515 -41.78523 -52.96515 -41.78523 -42.85849 -50.0636 -58.79441 -41.78523 -58.79441 -41.78523 -52.96515 -41.3636 -11.05536 -41.77751 -11.05536 -41.77751 -58.79441 -41.3636 1.948727 -41.77751 1.948727 -41.77751 -11.05536 -41.3636 7.088258 -41.77751 7.088258 -41.77751 1.948727 -41.3636 12.29679 -41.77751 12.29679 -41.77751 7.088258 -41.3636 14.64235 -41.77751 14.64235 -41.77751 12.29679 -41.3636 19.98886 -41.77751 19.98886 -41.77751 14.64235 -41.3636 22.8518 -41.77751 22.8518 -41.77751 19.98886 -41.3636 35.51095 -41.77751 35.51095 -41.77751 22.8518 -41.3636 43.8584 -41.77751 43.8584 -41.77751 35.51095 -41.3636 53.96498 -41.77751 53.96498 -41.77751 43.8584 -41.3636 59.79441 -41.77751 59.79441 -41.77751 53.96498 11.2752 -58.78789 11.2752 -57.51006 -50.05708 -57.51006 11.2752 -57.51006 11.2752 21.96629 -50.05708 21.96629 11.2752 21.96629 11.27522 59.78789 -50.05708 59.78789 11.29607 59.78789 11.29607 58.51006 14.36269 58.51006 11.29607 58.51006 11.29607 -20.96629 14.36269 -20.96629 11.29607 -20.96629 11.29607 -58.78789 14.36269 -58.78789 -50.06154 59.79235 -50.06154 -58.79235 -29.54214 -58.79235 -28.50405 59.79235 -29.53014 59.79235 -29.53014 -58.79235 -17.7593 -58.7908 -17.7593 -39.67952 -50.06 -39.67952 -17.7593 -39.67952 -17.7593 0.02336555 -50.06 0.02336555 -17.7593 0.02336555 -17.7593 20.07667 -50.06 20.07667 -50.06 20.07667 -17.7593 20.07667 -17.7593 59.79064 -16.12927 -58.79064 -16.12927 -39.68166 -17.74412 -39.68158 -16.12927 -39.68166 -16.12927 0.01679104 -17.74412 0.01679491 -16.12927 0.01679104 -16.12927 20.06785 -17.74412 20.06785 -17.74412 20.06785 -16.12927 20.06785 -16.12927 59.77744 -50.06206 58.88223 -33.25134 58.88223 -33.25134 59.79287 -50.06206 32.33532 -33.25134 32.33532 -33.25134 58.88223 -50.06206 24.49032 -33.25134 24.49032 -33.25134 32.33532 -50.06206 21.82859 -33.25134 21.82859 -33.25134 24.49032 -50.06206 -16.2757 -33.25134 -16.2757 -33.25134 21.82859 -50.06206 -19.918 -33.25134 -19.918 -33.25134 -16.2757 -50.06206 -30.4948 -33.25134 -30.4948 -33.25134 -19.918 -50.06206 -58.79287 -33.25134 -58.79287 -33.25134 -30.4948 -33.24037 58.88223 -32.39977 58.88223 -32.39977 59.79287 -33.24037 32.33532 -32.39986 32.33532 -32.39977 58.88223 -33.24037 24.49032 -32.39986 24.49032 -32.39986 32.33532 -33.24037 21.82863 -32.39986 21.82863 -32.39986 24.49032 -33.24037 -16.2757 -32.39986 -16.2757 -32.39986 21.82863 -33.24037 -19.918 -32.39986 -19.918 -32.39986 -16.2757 -33.24037 -30.49472 -32.39986 -30.49472 -32.39986 -19.918 -33.24037 -58.79287 -32.39986 -58.79287 -32.39986 -30.49472 -14.57407 -58.79046 -14.57407 -44.8918 -50.05966 -44.8918 -14.57407 -44.8918 -14.57402 -3.787826 -50.05966 -3.787826 -14.57402 -3.787826 -14.57402 7.449244 -50.05966 7.449244 -14.57402 7.449244 -14.57407 50.62332 -50.05966 50.62332 -14.57407 50.62332 -14.57402 59.79046 -50.05949 59.79046 -12.78392 -58.79046 -12.78392 -44.8918 -14.55821 -44.8918 -12.78392 -44.8918 -12.78392 -3.787826 -14.55817 -3.787826 -12.78392 -3.787826 -12.78392 7.449244 -14.55817 7.449244 -12.78392 7.449244 -12.78388 50.62332 -14.55817 50.62332 -12.78388 50.62332 -12.78392 59.79046 -14.55817 59.79046 -1.638767 59.78858 -1.638767 -58.78858 6.266378 -58.78858 -50.05777 59.78858 -50.05777 -58.78858 -1.638767 -58.78858 11.42171 -51.94069 6.285868 -51.94069 6.285868 -58.78858 11.42171 -9.998052 6.285868 -9.998052 6.285868 -51.94069 12.90349 -58.78772 12.90349 -53.01641 -50.05691 -53.01641 12.90349 -53.01641 12.90349 59.78772 -50.05691 59.78772 12.92462 58.55463 12.92462 52.84332 16.03991 52.84332 12.92462 52.84332 12.92458 -58.78772 16.03991 -58.78772 -50.0576 58.64823 4.670153 58.64823 4.670153 59.78858 -50.0576 24.21535 4.670153 24.21535 4.670153 58.64823 -50.0576 -58.78858 4.670142 -58.78858 4.670153 24.21535 7.417778 -57.65184 4.689856 -57.65184 4.689856 -58.78858 7.417778 -23.32549 4.689856 -23.32549 4.689856 -57.65184 7.417778 59.42138 4.689856 59.42138 4.689856 -23.32549 46.08375 -58.78515 46.08375 59.78515 -50.05451 59.78532 50.91675 59.78515 46.1099 59.78515 46.1099 -58.78515 -50.06206 59.79287 -50.06206 14.65739 -33.2414 14.65739 -50.06206 14.65739 -50.06206 -11.76507 -33.2414 -11.76507 -50.06206 -11.76507 -50.06206 -33.0712 -33.2414 -33.0712 -50.06206 -33.0712 -50.06206 -58.79287 -33.2414 -58.79287 -33.23051 59.79287 -33.23043 14.65739 -32.3894 14.65739 -33.23043 14.65739 -33.23043 -11.76507 -32.3894 -11.76507 -33.23043 -11.76507 -33.23043 -33.0712 -32.3894 -33.0712 -33.23043 -33.0712 -33.23043 -58.79287 -32.3894 -58.79287 18.35193 -58.78738 18.35193 59.78721 -50.05657 59.78721 18.37395 -58.78738 21.79438 -58.78721 21.79438 59.78721 17.86211 -58.78738 17.86211 59.78738 -50.05657 59.78738 17.88409 -58.78738 21.28001 -58.78738 21.28001 59.78738 -47.54446 59.69824 -47.54446 58.30126 -50.06531 58.30126 -47.54446 42.59806 -50.06531 42.59806 -49.83903 42.9837 -49.83903 47.37429 -49.83903 42.9837 -50.06531 42.59806 -50.06531 42.59806 -50.06531 58.30126 -49.83903 48.38223 -50.06531 58.30126 -49.83903 52.77283 -49.83903 48.38223 -49.83903 47.37429 -50.06531 42.59806 -49.83903 48.38223 -47.73832 48.38224 -47.73832 52.77283 -47.54446 58.30126 -49.83903 47.37429 -49.83903 48.38223 -47.73832 48.38224 -47.54446 42.59806 -47.73831 42.9837 -47.73833 47.3743 -47.73833 47.3743 -49.83903 47.37429 -47.73832 48.38224 -47.73832 48.38224 -47.54446 58.30126 -47.54446 42.59806 -47.73832 57.495 -47.73832 58.04201 -47.54446 58.30126 -50.06531 58.30126 -49.83904 58.04201 -49.83904 57.76367 -50.06531 58.30126 -49.83904 57.76367 -49.83904 57.495 -47.73832 57.21752 -47.73832 57.495 -47.54446 58.30126 -47.73832 56.78886 -47.73832 57.21752 -47.54446 58.30126 -50.06531 58.30126 -49.83904 57.495 -49.83903 54.47591 -50.06531 58.30126 -49.83903 54.47591 -49.83903 54.44078 -47.73831 53.73463 -47.73832 56.78886 -47.54446 58.30126 -47.73831 53.65141 -47.73831 53.73463 -47.54446 58.30126 -50.06531 58.30126 -49.83903 54.44078 -49.83903 53.73463 -50.06531 58.30126 -49.83903 53.73463 -49.83903 53.65141 -47.73831 53.65141 -47.54446 58.30126 -47.73832 52.77283 -49.44454 53.65141 -47.73831 53.65141 -47.73832 52.77283 -49.83903 52.77283 -50.06531 58.30126 -49.83903 53.65141 -49.83903 53.65141 -49.44454 53.65141 -49.83903 52.77283 -48.13281 58.04201 -49.83904 58.04201 -50.06531 58.30126 -50.06531 58.30126 -47.54446 58.30126 -48.13281 58.04201 -47.73832 58.04201 -47.73832 57.495 -48.13281 58.04201 -47.73832 57.495 -49.83904 57.495 -48.13281 58.04201 -49.83904 57.76367 -49.83904 58.04201 -48.13281 58.04201 -49.83903 53.65141 -49.83903 53.73463 -49.44454 53.65141 -49.83903 53.73463 -47.73831 53.73463 -49.44454 53.65141 -47.54446 42.59806 -47.54446 32.88201 -50.06531 32.88201 -47.54446 32.88201 -47.54446 32.29383 -50.06531 32.29383 -47.54446 32.29383 -47.54446 31.76866 -50.06531 31.76866 -47.54446 31.76866 -47.54446 28.37592 -50.06531 28.37592 -47.54446 28.37592 -47.54446 22.75636 -50.06531 22.75636 -47.54446 22.75636 -47.54446 21.67447 -50.06531 21.67447 -47.54446 21.67447 -47.54446 16.2125 -50.06531 16.2125 -47.54446 16.2125 -47.54446 15.08857 -50.06531 15.08857 -47.54446 15.08857 -47.54446 11.87969 -50.06531 11.87969 -47.54446 11.87969 -47.54446 7.788437 -50.06531 7.788437 -47.54446 7.788437 -47.54446 -2.201714 -50.06531 -2.201709 -47.54446 -18.60863 -50.06531 -18.60863 -49.83904 -18.13063 -49.83902 -13.65406 -49.83904 -18.13063 -50.06531 -18.60863 -47.54446 -18.60863 -47.73832 -18.13062 -47.73831 -13.65406 -49.83902 -13.65406 -50.06531 -18.60863 -49.83903 -12.64531 -47.73832 -12.64531 -47.54446 -18.60863 -47.73831 -13.65406 -47.73831 -13.65406 -49.83902 -13.65406 -49.83903 -12.64531 -47.73832 -6.9141 -47.73832 -2.43754 -47.54446 -2.201714 -47.54446 -2.201714 -47.54446 -18.60863 -47.73832 -8.168749 -47.54446 -18.60863 -47.73832 -12.64531 -47.73832 -8.168749 -47.73832 -6.9141 -47.54446 -2.201714 -47.73832 -8.168749 -49.83903 -8.168746 -49.83903 -12.64531 -50.06531 -18.60863 -47.73832 -6.9141 -47.73832 -8.168749 -49.83903 -8.168746 -50.06531 -2.201709 -49.83904 -2.437536 -49.83903 -6.914097 -49.83903 -6.914097 -47.73832 -6.9141 -49.83903 -8.168746 -49.83903 -8.168746 -50.06531 -18.60863 -50.06531 -2.201709 -47.54446 -2.201714 -47.73832 -2.43754 -49.83904 -2.437536 -47.54446 -18.60863 -47.54446 -32.90431 -50.06531 -32.90431 -47.54446 -32.90431 -47.54446 -35.71934 -50.06531 -35.71934 -47.54446 -35.71934 -47.54446 -39.08055 -50.06531 -39.08055 -47.54446 -39.08055 -47.54446 -41.93758 -50.06531 -41.93758 -47.54446 -41.93758 -47.54446 -57.74578 -50.06531 -57.74578 -49.83903 -58.47709 -49.83903 -58.79612 -50.06531 -58.79612 -47.54446 -57.74578 -47.54446 -58.79612 -47.73832 -58.47709 -47.54446 -58.79612 -47.73832 -58.79612 -47.73832 -58.47709 -49.83903 -58.47709 -50.06531 -58.79612 -50.06531 -57.74578 -47.54446 -57.74578 -47.73832 -58.47709 -48.08029 -58.47709 -48.08029 -58.47709 -49.83903 -58.47709 -50.06531 -57.74578 -48.08029 -58.47709 -47.73832 -58.47709 -47.73832 -58.79612 -47.73832 -58.79612 -49.83903 -58.79612 -48.08029 -58.47709 -47.41409 59.79612 -47.41409 58.39795 -47.54017 58.39795 -47.41409 58.39795 -47.41409 42.6819 -47.54017 42.6819 -47.41409 42.6819 -47.41409 32.95786 -47.54017 32.95786 -47.41409 32.95786 -47.41409 32.36909 -47.54017 32.36909 -47.41409 32.36909 -47.41409 31.84349 -47.54017 31.84349 -47.41409 31.84349 -47.41409 28.44801 -47.54017 28.44801 -47.41409 28.44801 -47.41409 22.82377 -47.54017 22.82377 -47.41409 22.82377 -47.41409 21.74099 -47.54017 21.74099 -47.41409 21.74099 -47.41409 16.27452 -47.54017 16.27452 -47.41409 16.27452 -47.41409 15.14965 -47.54017 15.14965 -47.41409 15.14965 -47.41409 11.9381 -47.54017 11.9381 -47.41409 11.9381 -47.41409 7.843507 -47.54017 7.843507 -47.41409 7.843507 -47.41409 -2.15492 -47.54017 -2.15492 -47.41409 -2.15492 -47.41409 -18.57542 -47.54017 -18.57542 -47.41409 -18.57542 -47.41409 -32.88289 -47.54017 -32.88289 -47.41409 -32.88289 -47.41409 -35.70023 -47.54017 -35.70023 -47.41409 -35.70023 -47.41409 -39.06426 -47.54017 -39.06426 -47.41409 -39.06426 -47.41409 -41.92369 -47.54017 -41.92369 -47.41409 -41.92369 -47.41409 -57.74492 -47.54017 -57.74492 -47.41409 -57.74492 -47.41409 -58.79612 -47.54017 -58.79612 -50.06429 -58.79509 -50.06429 -21.67699 -44.1764 -21.67699 -50.06429 -21.67699 -50.06429 19.41543 -44.1764 19.41543 -50.06429 19.41543 -50.06429 23.14439 -44.1764 23.14439 -50.06429 23.14439 -50.06429 24.86172 -44.1764 24.86172 -50.06429 24.86172 -50.06429 27.70752 -44.1764 27.70752 -50.06429 27.70752 -50.06429 31.11749 -44.1764 31.11749 -50.06429 31.11749 -50.06429 42.40263 -44.1764 42.40263 -50.06429 42.40263 -50.06429 48.53583 -44.1764 48.53583 -50.06429 48.53583 -50.06429 53.51601 -44.1764 53.51601 -50.06429 53.51601 -50.06429 59.64921 -44.1764 59.64921 -43.8752 59.79492 -43.8752 59.79475 -44.16988 59.79475 -44.16988 59.79475 -43.8752 59.79475 -43.8752 22.63109 -43.8752 22.63109 -43.8752 -18.51182 -44.16988 -18.51182 -43.8752 -18.51182 -43.8752 -22.2454 -44.16988 -22.2454 -43.8752 -22.2454 -43.8752 -23.96483 -44.16988 -23.96483 -43.8752 -23.96483 -43.8752 -26.81415 -44.16988 -26.81415 -43.8752 -26.81415 -43.8752 -30.22832 -44.16988 -30.22832 -43.8752 -30.22832 -43.8752 -41.52735 -44.16988 -41.52735 -43.8752 -41.52735 -43.8752 -47.66801 -44.16988 -47.66801 -43.8752 -47.66801 -43.8752 -52.65435 -44.16988 -52.65435 -43.8752 -52.65435 -43.8752 -58.79509 -44.16988 -58.79492 10.88121 58.51829 -50.05708 58.51829 -50.05708 59.78789 10.88121 -20.44755 -50.05708 -20.44755 -50.05708 58.51829 10.88121 -58.78789 -50.05708 -58.78789 -50.05708 -20.44755 10.90202 -57.51829 13.94891 -57.51829 13.94891 -58.78789 10.90202 21.4475 13.94895 21.4475 13.94891 -57.51829 10.90202 59.78789 13.94895 59.78789 13.94895 21.4475 -50.0576 -58.5563 5.634042 -58.5563 5.634042 -58.78841 -50.0576 15.6992 5.634042 15.6992 5.634042 -58.5563 -50.0576 59.78841 5.634042 59.78841 5.634042 15.6992 8.438507 59.5563 5.653939 59.5563 5.653939 59.78841 8.438507 -14.69916 5.653939 -14.69916 5.653939 59.5563 8.438507 -58.78841 5.653939 -58.78841 5.653939 -14.69916 -41.78523 59.79441 -41.78523 12.05536 -50.0636 12.05536 -41.78523 12.05536 -41.78523 -0.9487376 -50.0636 -0.9487298 -41.78523 -0.9487376 -41.78523 -6.088279 -50.0636 -6.088279 -41.78523 -6.088279 -41.78523 -11.29679 -50.0636 -11.29679 -41.78523 -11.29679 -41.78523 -13.64239 -50.0636 -13.64239 -41.78523 -13.64239 -41.78523 -18.98886 -50.0636 -18.98886 -41.78523 -18.98886 -41.78523 -21.85185 -50.0636 -21.85185 -41.78523 -21.85185 -41.78523 -34.51095 -50.0636 -34.51095 -41.78523 -34.51095 -41.78523 -42.85849 -50.0636 -42.85849 -41.78523 -42.85849 -41.78523 -52.96515 -50.0636 -52.96515 -41.78523 -52.96515 -41.78523 -58.79441 -50.0636 -58.79441 -41.77751 -58.79441 -41.77751 -11.05536 -41.3636 -11.05536 -41.77751 -11.05536 -41.77751 1.948727 -41.3636 1.948727 -41.77751 1.948727 -41.77751 7.088258 -41.3636 7.088258 -41.77751 7.088258 -41.77751 12.29679 -41.3636 12.29679 -41.77751 12.29679 -41.77751 14.64235 -41.3636 14.64235 -41.77751 14.64235 -41.77751 19.98886 -41.3636 19.98886 -41.77751 19.98886 -41.77751 22.8518 -41.3636 22.8518 -41.77751 22.8518 -41.77751 35.51095 -41.3636 35.51095 -41.77751 35.51095 -41.77751 43.8584 -41.3636 43.8584 -41.77751 43.8584 -41.77751 53.96498 -41.3636 53.96498 -41.77751 53.96498 -41.77751 59.79441 -41.3636 59.79441 -50.05708 -57.51006 11.2752 -57.51006 11.2752 -58.78789 -50.05708 21.96629 11.2752 21.96629 11.2752 -57.51006 -50.05708 59.78789 11.27522 59.78789 11.2752 21.96629 14.36269 58.51006 11.29607 58.51006 11.29607 59.78789 14.36269 -20.96629 11.29607 -20.96629 11.29607 58.51006 14.36269 -58.78789 11.29607 -58.78789 11.29607 -20.96629 -29.54214 -58.79235 -50.06154 -58.79235 -50.06154 59.79235 -29.53014 -58.79235 -29.53014 59.79235 -28.50405 59.79235 -50.06 -39.67952 -17.7593 -39.67952 -17.7593 -58.7908 -50.06 0.02336555 -17.7593 0.02336555 -17.7593 -39.67952 -50.06 20.07667 -17.7593 20.07667 -17.7593 0.02336555 -17.7593 59.79064 -17.7593 20.07667 -50.06 20.07667 -17.74412 -39.68158 -16.12927 -39.68166 -16.12927 -58.79064 -17.74412 0.01679491 -16.12927 0.01679104 -16.12927 -39.68166 -17.74412 20.06785 -16.12927 20.06785 -16.12927 0.01679104 -16.12927 59.77744 -16.12927 20.06785 -17.74412 20.06785 -33.25134 59.79287 -33.25134 58.88223 -50.06206 58.88223 -33.25134 58.88223 -33.25134 32.33532 -50.06206 32.33532 -33.25134 32.33532 -33.25134 24.49032 -50.06206 24.49032 -33.25134 24.49032 -33.25134 21.82859 -50.06206 21.82859 -33.25134 21.82859 -33.25134 -16.2757 -50.06206 -16.2757 -33.25134 -16.2757 -33.25134 -19.918 -50.06206 -19.918 -33.25134 -19.918 -33.25134 -30.4948 -50.06206 -30.4948 -33.25134 -30.4948 -33.25134 -58.79287 -50.06206 -58.79287 -32.39977 59.79287 -32.39977 58.88223 -33.24037 58.88223 -32.39977 58.88223 -32.39986 32.33532 -33.24037 32.33532 -32.39986 32.33532 -32.39986 24.49032 -33.24037 24.49032 -32.39986 24.49032 -32.39986 21.82863 -33.24037 21.82863 -32.39986 21.82863 -32.39986 -16.2757 -33.24037 -16.2757 -32.39986 -16.2757 -32.39986 -19.918 -33.24037 -19.918 -32.39986 -19.918 -32.39986 -30.49472 -33.24037 -30.49472 -32.39986 -30.49472 -32.39986 -58.79287 -33.24037 -58.79287 -50.05966 -44.8918 -14.57407 -44.8918 -14.57407 -58.79046 -50.05966 -3.787826 -14.57402 -3.787826 -14.57407 -44.8918 -50.05966 7.449244 -14.57402 7.449244 -14.57402 -3.787826 -50.05966 50.62332 -14.57407 50.62332 -14.57402 7.449244 -50.05949 59.79046 -14.57402 59.79046 -14.57407 50.62332 -14.55821 -44.8918 -12.78392 -44.8918 -12.78392 -58.79046 -14.55817 -3.787826 -12.78392 -3.787826 -12.78392 -44.8918 -14.55817 7.449244 -12.78392 7.449244 -12.78392 -3.787826 -14.55817 50.62332 -12.78388 50.62332 -12.78392 7.449244 -14.55817 59.79046 -12.78392 59.79046 -12.78388 50.62332 6.266378 -58.78858 -1.638767 -58.78858 -1.638767 59.78858 -1.638767 -58.78858 -50.05777 -58.78858 -50.05777 59.78858 6.285868 -58.78858 6.285868 -51.94069 11.42171 -51.94069 6.285868 -51.94069 6.285868 -9.998052 11.42171 -9.998052 -50.05691 -53.01641 12.90349 -53.01641 12.90349 -58.78772 -50.05691 59.78772 12.90349 59.78772 12.90349 -53.01641 16.03991 52.84332 12.92462 52.84332 12.92462 58.55463 16.03991 -58.78772 12.92458 -58.78772 12.92462 52.84332 4.670153 59.78858 4.670153 58.64823 -50.0576 58.64823 4.670153 58.64823 4.670153 24.21535 -50.0576 24.21535 4.670153 24.21535 4.670142 -58.78858 -50.0576 -58.78858 4.689856 -58.78858 4.689856 -57.65184 7.417778 -57.65184 4.689856 -57.65184 4.689856 -23.32549 7.417778 -23.32549 4.689856 -23.32549 4.689856 59.42138 7.417778 59.42138 -50.05451 59.78532 46.08375 59.78515 46.08375 -58.78515 46.1099 -58.78515 46.1099 59.78515 50.91675 59.78515 -33.2414 14.65739 -50.06206 14.65739 -50.06206 59.79287 -33.2414 -11.76507 -50.06206 -11.76507 -50.06206 14.65739 -33.2414 -33.0712 -50.06206 -33.0712 -50.06206 -11.76507 -33.2414 -58.79287 -50.06206 -58.79287 -50.06206 -33.0712 -32.3894 14.65739 -33.23043 14.65739 -33.23051 59.79287 -32.3894 -11.76507 -33.23043 -11.76507 -33.23043 14.65739 -32.3894 -33.0712 -33.23043 -33.0712 -33.23043 -11.76507 -32.3894 -58.79287 -33.23043 -58.79287 -33.23043 -33.0712 -50.05657 59.78721 18.35193 59.78721 18.35193 -58.78738 21.79438 59.78721 21.79438 -58.78721 18.37395 -58.78738 -50.05657 59.78738 17.86211 59.78738 17.86211 -58.78738 21.28001 59.78738 21.28001 -58.78738 17.88409 -58.78738 -47.54446 59.69824 -47.54446 59.69824 -50.06531 59.69824 -50.06531 58.30126 -50.06531 59.69824 -50.06531 59.69824 -47.54446 58.30126 -47.54446 58.30126 -47.54446 59.69824 -50.06531 58.30126 -50.06531 58.30126 -50.06531 42.59806 -47.54446 58.30126 -47.54446 42.59806 -47.54446 42.59806 -50.06531 42.59806 -50.06531 42.59806 -50.06531 32.88201 -47.54446 42.59806 -47.54446 32.88201 -47.54446 32.88201 -50.06531 32.88201 -50.06531 32.88201 -50.06531 32.29383 -47.54446 32.29383 -47.54446 32.29383 -47.54446 32.88201 -50.06531 31.76866 -50.06531 32.29383 -50.06531 32.29383 -47.54446 31.76866 -47.54446 31.76866 -47.54446 32.29383 -50.06531 31.76866 -50.06531 31.76866 -50.06531 28.37592 -47.54446 28.37592 -47.54446 28.37592 -47.54446 31.76866 -50.06531 28.37592 -50.06531 28.37592 -50.06531 22.75636 -47.54446 22.75636 -47.54446 22.75636 -47.54446 28.37592 -50.06531 22.75636 -50.06531 22.75636 -50.06531 21.67447 -47.54446 22.75636 -47.54446 21.67447 -47.54446 21.67447 -50.06531 21.67447 -50.06531 21.67447 -50.06531 16.2125 -47.54446 16.2125 -47.54446 16.2125 -47.54446 21.67447 -50.06531 15.08857 -50.06531 16.2125 -50.06531 16.2125 -47.54446 15.08857 -47.54446 15.08857 -47.54446 16.2125 -50.06531 15.08857 -50.06531 15.08857 -50.06531 11.87969 -47.54446 11.87969 -47.54446 11.87969 -47.54446 15.08857 -50.06531 11.87969 -50.06531 11.87969 -50.06531 7.788437 -47.54446 11.87969 -47.54446 7.788437 -47.54446 7.788437 -50.06531 7.788437 -50.06531 7.788437 -50.06531 -2.201709 -47.54446 -2.201714 -47.54446 -2.201714 -47.54446 7.788437 -50.06531 -2.201709 -50.06531 -2.201709 -50.06531 -18.60863 -47.54446 -18.60863 -47.54446 -18.60863 -47.54446 -2.201714 -50.06531 -18.60863 -50.06531 -18.60863 -50.06531 -32.90431 -47.54446 -32.90431 -47.54446 -32.90431 -47.54446 -18.60863 -50.06531 -35.71934 -50.06531 -32.90431 -50.06531 -32.90431 -47.54446 -35.71934 -47.54446 -35.71934 -47.54446 -32.90431 -50.06531 -35.71934 -50.06531 -35.71934 -50.06531 -39.08055 -47.54446 -35.71934 -47.54446 -39.08055 -47.54446 -39.08055 -50.06531 -39.08055 -50.06531 -39.08055 -50.06531 -41.93758 -47.54446 -39.08055 -47.54446 -41.93758 -47.54446 -41.93758 -50.06531 -41.93758 -50.06531 -41.93758 -50.06531 -57.74578 -47.54446 -57.74578 -47.54446 -57.74578 -47.54446 -41.93758 -50.06531 -58.79612 -50.06531 -57.74578 -50.06531 -57.74578 -47.73831 -58.79612 -47.73832 -58.79612 -47.54446 -58.79612 -47.54446 -58.79612 -47.54446 -58.79612 -47.73831 -58.79612 -47.73831 -58.79612 -47.73832 -58.79612 -49.83903 -58.79612 -49.83903 -58.79612 -49.83903 -58.79612 -47.73832 -58.79612 -47.73831 -58.79612 -49.83903 -58.79612 -49.83903 -58.79612 -49.83903 -58.79612 -49.83903 -58.79612 -50.06531 -58.79612 -50.06531 -58.79612 -50.06531 -58.79612 -49.83903 -58.79612 -47.54446 -58.79612 -47.54446 -58.79612 -47.54446 -57.74578 -47.41409 59.79612 -47.41409 59.79612 -47.54017 59.79612 -47.54017 58.39795 -47.54017 59.79612 -47.54017 59.79612 -47.54017 58.39795 -47.54017 58.39795 -47.54017 42.6819 -47.54017 42.6819 -47.54017 42.6819 -47.54017 32.95786 -47.54017 32.95786 -47.54017 32.95786 -47.54017 32.36909 -47.54017 31.84349 -47.54017 32.36909 -47.54017 32.36909 -47.54017 31.84349 -47.54017 31.84349 -47.54017 28.44801 -47.54017 28.44801 -47.54017 28.44801 -47.54017 22.82377 -47.54017 22.82377 -47.54017 22.82377 -47.54017 21.74099 -47.54017 21.74099 -47.54017 21.74099 -47.54017 16.27452 -47.54017 15.14965 -47.54017 16.27452 -47.54017 16.27452 -47.54017 15.14965 -47.54017 15.14965 -47.54017 11.9381 -47.54017 11.9381 -47.54017 11.9381 -47.54017 7.843507 -47.54017 7.843507 -47.54017 7.843507 -47.54017 -2.15492 -47.54017 -2.15492 -47.54017 -2.15492 -47.54017 -18.57542 -47.54017 -18.57542 -47.54017 -18.57542 -47.54017 -32.88289 -47.54017 -35.70023 -47.54017 -32.88289 -47.54017 -32.88289 -47.54017 -35.70023 -47.54017 -35.70023 -47.54017 -39.06426 -47.54017 -39.06426 -47.54017 -39.06426 -47.54017 -41.92369 -47.54017 -41.92369 -47.54017 -41.92369 -47.54017 -57.74492 -47.54017 -58.79612 -47.54017 -57.74492 -47.54017 -57.74492 -47.54017 -58.79612 -47.54017 -58.79612 -47.41409 -58.79612 -50.06429 -58.79509 -50.06429 -58.79509 -44.1764 -58.79509 -44.1764 -21.67699 -44.1764 -21.67699 -44.1764 19.41543 -50.06429 19.41543 -50.06429 19.41543 -50.06429 -21.67699 -44.1764 23.14439 -44.1764 19.41543 -44.1764 19.41543 -50.06429 23.14439 -50.06429 23.14439 -50.06429 19.41543 -44.1764 23.14439 -44.1764 23.14439 -44.1764 24.86172 -50.06429 23.14439 -50.06429 24.86172 -50.06429 24.86172 -44.1764 27.70752 -44.1764 24.86172 -44.1764 24.86172 -50.06429 27.70752 -50.06429 27.70752 -50.06429 24.86172 -44.1764 27.70752 -44.1764 27.70752 -44.1764 31.11749 -50.06429 31.11749 -50.06429 31.11749 -50.06429 27.70752 -44.1764 31.11749 -44.1764 31.11749 -44.1764 42.40263 -50.06429 31.11749 -50.06429 42.40263 -50.06429 42.40263 -44.1764 42.40263 -44.1764 42.40263 -44.1764 48.53583 -50.06429 42.40263 -50.06429 48.53583 -50.06429 48.53583 -44.1764 53.51601 -44.1764 48.53583 -44.1764 48.53583 -50.06429 53.51601 -50.06429 53.51601 -50.06429 48.53583 -44.1764 53.51601 -44.1764 53.51601 -44.1764 59.64921 -44.1764 59.64921 -44.1764 59.64921 -50.06429 59.64921 -50.06429 53.51601 -50.06429 59.64921 -50.06429 59.64921 -44.1764 -58.79509 -44.1764 -58.79509 -44.1764 -21.67699 -50.06429 -58.79509 -50.06429 -21.67699 -50.06429 -21.67699 -44.16988 59.79475 -44.16988 59.79475 -44.16988 22.63109 -44.16988 22.63109 -44.16988 22.63109 -44.16988 -18.51182 -44.16988 -22.2454 -44.16988 -18.51182 -44.16988 -18.51182 -44.16988 -22.2454 -44.16988 -22.2454 -44.16988 -23.96483 -44.16988 -26.81415 -44.16988 -23.96483 -44.16988 -23.96483 -44.16988 -26.81415 -44.16988 -26.81415 -44.16988 -30.22832 -44.16988 -30.22832 -44.16988 -30.22832 -44.16988 -41.52735 -44.16988 -41.52735 -44.16988 -41.52735 -44.16988 -47.66801 -44.16988 -52.65435 -44.16988 -47.66801 -44.16988 -47.66801 -44.16988 -52.65435 -44.16988 -52.65435 -44.16988 -58.79492 -44.16988 -58.79492 -44.16988 -58.79492 -43.8752 -58.79509 10.88121 59.78789 10.88121 59.78789 -50.05708 59.78789 10.88121 -20.44755 10.88121 -20.44755 10.88121 58.51829 -50.05708 58.51829 -50.05708 58.51829 -50.05708 -20.44755 10.88121 -58.78789 10.88121 -58.78789 10.88121 -20.44755 -50.05708 -58.78789 -50.05708 -58.78789 10.88121 -58.78789 -50.05708 -58.78789 -50.05708 -20.44755 -50.05708 -20.44755 10.90202 -58.78789 10.90202 -58.78789 13.94891 -58.78789 10.90202 21.4475 10.90202 21.4475 10.90202 -57.51829 10.90202 59.78789 10.90202 59.78789 10.90202 21.4475 13.94895 59.78789 13.94895 59.78789 10.90202 59.78789 -50.0576 -58.78841 -50.0576 -58.78841 5.634042 -58.78841 -50.0576 -58.5563 -50.0576 -58.5563 -50.0576 -58.78841 5.634042 -58.5563 5.634042 -58.78841 5.634042 -58.78841 -50.0576 -58.5563 -50.0576 15.6992 -50.0576 15.6992 5.634042 -58.5563 5.634042 -58.5563 5.634042 15.6992 -50.0576 59.78841 -50.0576 59.78841 -50.0576 15.6992 5.634042 59.78841 5.634042 59.78841 -50.0576 59.78841 5.634042 59.78841 5.634042 15.6992 5.634042 15.6992 8.438507 59.78841 8.438507 59.78841 5.653939 59.78841 8.438507 59.5563 8.438507 59.5563 8.438507 59.78841 8.438507 59.5563 8.438507 -14.69916 8.438507 -14.69916 8.438507 -58.78841 8.438507 -58.78841 8.438507 -14.69916 5.653939 -58.78841 5.653939 -58.78841 8.438507 -58.78841 -41.78523 59.79441 -41.78523 59.79441 -50.0636 59.79441 -50.0636 59.79441 -50.0636 59.79441 -50.0636 12.05536 -41.78523 59.79441 -41.78523 12.05536 -41.78523 12.05536 -50.0636 -0.9487298 -50.0636 12.05536 -50.0636 12.05536 -41.78523 -0.9487376 -41.78523 -0.9487376 -41.78523 12.05536 -50.0636 -0.9487298 -50.0636 -0.9487298 -50.0636 -6.088279 -41.78523 -0.9487376 -41.78523 -6.088279 -41.78523 -6.088279 -50.0636 -11.29679 -50.0636 -6.088279 -50.0636 -6.088279 -41.78523 -11.29679 -41.78523 -11.29679 -41.78523 -6.088279 -50.0636 -11.29679 -50.0636 -11.29679 -50.0636 -13.64239 -41.78523 -13.64239 -41.78523 -13.64239 -41.78523 -11.29679 -50.0636 -13.64239 -50.0636 -13.64239 -50.0636 -18.98886 -41.78523 -13.64239 -41.78523 -18.98886 -41.78523 -18.98886 -50.0636 -18.98886 -50.0636 -18.98886 -50.0636 -21.85185 -41.78523 -21.85185 -41.78523 -21.85185 -41.78523 -18.98886 -50.0636 -34.51095 -50.0636 -21.85185 -50.0636 -21.85185 -41.78523 -34.51095 -41.78523 -34.51095 -41.78523 -21.85185 -50.0636 -34.51095 -50.0636 -34.51095 -50.0636 -42.85849 -41.78523 -42.85849 -41.78523 -42.85849 -41.78523 -34.51095 -50.0636 -42.85849 -50.0636 -42.85849 -50.0636 -52.96515 -41.78523 -52.96515 -41.78523 -52.96515 -41.78523 -42.85849 -50.0636 -52.96515 -50.0636 -52.96515 -50.0636 -58.79441 -50.0636 -58.79441 -50.0636 -58.79441 -41.78523 -58.79441 -41.78523 -52.96515 -41.78523 -58.79441 -41.78523 -58.79441 -41.77751 -58.79441 -41.77751 -58.79441 -41.3636 -58.79441 -41.3636 -58.79441 -41.3636 -58.79441 -41.3636 -11.05536 -41.3636 1.948727 -41.3636 -11.05536 -41.3636 -11.05536 -41.3636 1.948727 -41.3636 1.948727 -41.3636 7.088258 -41.3636 12.29679 -41.3636 7.088258 -41.3636 7.088258 -41.3636 12.29679 -41.3636 12.29679 -41.3636 14.64235 -41.3636 14.64235 -41.3636 14.64235 -41.3636 19.98886 -41.3636 19.98886 -41.3636 19.98886 -41.3636 22.8518 -41.3636 35.51095 -41.3636 22.8518 -41.3636 22.8518 -41.3636 35.51095 -41.3636 35.51095 -41.3636 43.8584 -41.3636 43.8584 -41.3636 43.8584 -41.3636 53.96498 -41.77751 53.96498 -41.77751 53.96498 -41.77751 43.8584 -41.3636 53.96498 -41.3636 53.96498 -41.3636 59.79441 -41.3636 59.79441 -41.3636 59.79441 -41.77751 59.79441 -41.77751 53.96498 -41.77751 59.79441 -41.77751 59.79441 -50.05708 -58.78789 -50.05708 -58.78789 11.2752 -58.78789 -50.05708 21.96629 -50.05708 21.96629 -50.05708 -57.51006 11.2752 21.96629 11.2752 -57.51006 11.2752 -57.51006 -50.05708 59.78789 -50.05708 59.78789 -50.05708 21.96629 11.27522 59.78789 11.27522 59.78789 -50.05708 59.78789 11.27522 59.78789 11.2752 21.96629 11.2752 21.96629 14.36269 59.78789 14.36269 59.78789 11.29607 59.78789 14.36269 -20.96629 14.36269 -20.96629 14.36269 58.51006 14.36269 -58.78789 14.36269 -58.78789 14.36269 -20.96629 11.29607 -58.78789 11.29607 -58.78789 14.36269 -58.78789 -29.54214 59.79235 -29.54214 59.79235 -50.06154 59.79235 -29.54214 -58.79235 -29.54214 -58.79235 -29.54214 59.79235 -50.06154 -58.79235 -50.06154 -58.79235 -29.54214 -58.79235 -50.06154 59.79235 -50.06154 59.79235 -50.06154 -58.79235 -29.53014 -58.79235 -29.53014 -58.79235 -28.50405 -58.79235 -28.50405 -58.79235 -28.50405 -58.79235 -28.50405 59.79235 -28.50405 59.79235 -28.50405 59.79235 -29.53014 59.79235 -29.53014 59.79235 -29.53014 59.79235 -29.53014 -58.79235 -50.06 -58.79064 -50.06 -39.67952 -50.06 -39.67952 -17.7593 -58.7908 -17.7593 -58.7908 -17.7593 -39.67952 -50.06 0.02336555 -50.06 0.02336555 -50.06 -39.67952 -17.7593 0.02336555 -17.7593 -39.67952 -17.7593 -39.67952 -50.06 0.02336555 -50.06 20.07667 -50.06 20.07667 -17.7593 0.02336555 -17.7593 0.02336555 -17.7593 20.07667 -50.06 59.79064 -50.06 59.79064 -50.06 20.07667 -17.7593 59.79064 -17.7593 20.07667 -17.7593 20.07667 -17.74412 -58.79064 -17.74412 -39.68158 -17.74412 -39.68158 -17.74412 0.01679491 -17.74412 0.01679491 -17.74412 -39.68158 -17.74412 0.01679491 -17.74412 20.06785 -17.74412 20.06785 -17.74412 59.77744 -17.74412 59.77744 -17.74412 20.06785 -33.25134 59.79287 -33.25134 59.79287 -50.06206 59.79287 -50.06206 58.88223 -50.06206 59.79287 -50.06206 59.79287 -33.25134 58.88223 -33.25134 58.88223 -33.25134 59.79287 -50.06206 58.88223 -50.06206 58.88223 -50.06206 32.33532 -33.25134 58.88223 -33.25134 32.33532 -33.25134 32.33532 -50.06206 24.49032 -50.06206 32.33532 -50.06206 32.33532 -33.25134 24.49032 -33.25134 24.49032 -33.25134 32.33532 -50.06206 21.82859 -50.06206 24.49032 -50.06206 24.49032 -33.25134 21.82859 -33.25134 21.82859 -33.25134 24.49032 -50.06206 -16.2757 -50.06206 21.82859 -50.06206 21.82859 -33.25134 -16.2757 -33.25134 -16.2757 -33.25134 21.82859 -50.06206 -16.2757 -50.06206 -16.2757 -50.06206 -19.918 -33.25134 -16.2757 -33.25134 -19.918 -33.25134 -19.918 -50.06206 -19.918 -50.06206 -19.918 -50.06206 -30.4948 -33.25134 -30.4948 -33.25134 -30.4948 -33.25134 -19.918 -50.06206 -58.79287 -50.06206 -30.4948 -50.06206 -30.4948 -50.06206 -58.79287 -50.06206 -58.79287 -33.25134 -58.79287 -33.25134 -58.79287 -33.25134 -58.79287 -33.25134 -30.4948 -32.39977 59.79287 -32.39977 59.79287 -33.24037 59.79287 -33.24037 58.88223 -33.24037 59.79287 -33.24037 59.79287 -33.24037 58.88223 -33.24037 58.88223 -33.24037 32.33532 -33.24037 24.49032 -33.24037 32.33532 -33.24037 32.33532 -33.24037 21.82863 -33.24037 24.49032 -33.24037 24.49032 -33.24037 -16.2757 -33.24037 21.82863 -33.24037 21.82863 -33.24037 -16.2757 -33.24037 -16.2757 -33.24037 -19.918 -33.24037 -19.918 -33.24037 -19.918 -33.24037 -30.49472 -33.24037 -58.79287 -33.24037 -30.49472 -33.24037 -30.49472 -33.24037 -58.79287 -33.24037 -58.79287 -32.39986 -58.79287 -50.05966 -58.79046 -50.05966 -58.79046 -14.57407 -58.79046 -50.05966 -44.8918 -50.05966 -44.8918 -50.05966 -58.79046 -14.57407 -44.8918 -14.57407 -58.79046 -14.57407 -58.79046 -50.05966 -44.8918 -50.05966 -3.787826 -50.05966 -3.787826 -14.57407 -44.8918 -14.57407 -44.8918 -14.57402 -3.787826 -50.05966 7.449244 -50.05966 7.449244 -50.05966 -3.787826 -14.57402 -3.787826 -14.57402 -3.787826 -14.57402 7.449244 -50.05966 50.62332 -50.05966 50.62332 -50.05966 7.449244 -14.57407 50.62332 -14.57402 7.449244 -14.57402 7.449244 -50.05949 59.79046 -50.05949 59.79046 -50.05966 50.62332 -14.57402 59.79046 -14.57402 59.79046 -50.05949 59.79046 -14.57402 59.79046 -14.57407 50.62332 -14.57407 50.62332 -14.55817 -58.79046 -14.55817 -58.79046 -12.78392 -58.79046 -14.55821 -44.8918 -14.55821 -44.8918 -14.55817 -58.79046 -14.55821 -44.8918 -14.55817 -3.787826 -14.55817 -3.787826 -14.55817 7.449244 -14.55817 7.449244 -14.55817 -3.787826 -14.55817 50.62332 -14.55817 50.62332 -14.55817 7.449244 -14.55817 59.79046 -14.55817 59.79046 -14.55817 50.62332 -12.78392 59.79046 -12.78392 59.79046 -14.55817 59.79046 6.266378 -58.78858 6.266378 -58.78858 6.266378 59.78858 6.266378 59.78858 6.266378 59.78858 -1.638767 59.78858 6.266378 -58.78858 -1.638767 -58.78858 -1.638767 -58.78858 -50.05777 59.78858 -1.638767 59.78858 -1.638767 59.78858 -50.05777 59.78858 -50.05777 59.78858 -50.05777 -58.78858 -50.05777 -58.78858 -50.05777 -58.78858 -1.638767 -58.78858 6.285868 -58.78858 6.285868 -58.78858 11.42171 -58.78858 11.42171 -58.78858 11.42171 -58.78858 11.42171 -51.94069 11.42171 -9.998052 11.42171 -51.94069 11.42171 -51.94069 11.42171 -9.998052 11.42171 -9.998052 6.285868 -9.998052 -50.05691 -58.78772 -50.05691 -58.78772 12.90349 -58.78772 -50.05691 -58.78772 -50.05691 -53.01641 -50.05691 -53.01641 12.90349 -58.78772 12.90349 -58.78772 12.90349 -53.01641 -50.05691 59.78772 -50.05691 59.78772 -50.05691 -53.01641 12.90349 59.78772 12.90349 59.78772 -50.05691 59.78772 12.90349 59.78772 12.90349 -53.01641 12.90349 -53.01641 16.03991 58.55463 16.03991 58.55463 12.92462 58.55463 16.03991 58.55463 16.03991 52.84332 16.03991 52.84332 16.03991 -58.78772 16.03991 -58.78772 16.03991 52.84332 12.92458 -58.78772 12.92458 -58.78772 16.03991 -58.78772 4.670153 59.78858 4.670153 59.78858 -50.0576 59.78858 -50.0576 58.64823 -50.0576 58.64823 -50.0576 24.21535 4.670153 24.21535 4.670153 24.21535 4.670153 58.64823 -50.0576 -58.78858 -50.0576 24.21535 -50.0576 24.21535 -50.0576 -58.78858 -50.0576 -58.78858 4.670142 -58.78858 4.670142 -58.78858 4.670142 -58.78858 4.670153 24.21535 4.689856 -58.78858 4.689856 -58.78858 7.417778 -58.78858 7.417778 -57.65184 7.417778 -57.65184 7.417778 -23.32549 7.417778 59.42138 7.417778 -23.32549 7.417778 -23.32549 7.417778 59.42138 7.417778 59.42138 4.689856 59.42138 -50.05451 -58.78515 -50.05451 -58.78515 46.08375 -58.78515 -50.05451 59.78532 -50.05451 59.78532 -50.05451 -58.78515 46.08375 59.78515 46.08375 59.78515 -50.05451 59.78532 46.08375 -58.78515 46.08375 -58.78515 46.08375 59.78515 46.1099 -58.78515 46.1099 -58.78515 50.91675 -58.78515 50.91675 -58.78515 50.91675 -58.78515 50.91675 59.78515 50.91675 59.78515 50.91675 59.78515 46.1099 59.78515 46.1099 59.78515 46.1099 59.78515 46.1099 -58.78515 -33.2414 59.79287 -33.2414 59.79287 -50.06206 59.79287 -33.2414 59.79287 -33.2414 14.65739 -33.2414 14.65739 -50.06206 59.79287 -50.06206 59.79287 -50.06206 14.65739 -33.2414 -11.76507 -33.2414 -11.76507 -33.2414 14.65739 -50.06206 -11.76507 -50.06206 14.65739 -50.06206 14.65739 -33.2414 -33.0712 -33.2414 -33.0712 -33.2414 -11.76507 -50.06206 -11.76507 -50.06206 -11.76507 -50.06206 -33.0712 -33.2414 -58.79287 -33.2414 -58.79287 -33.2414 -33.0712 -50.06206 -58.79287 -50.06206 -58.79287 -33.2414 -58.79287 -50.06206 -58.79287 -50.06206 -33.0712 -50.06206 -33.0712 -32.3894 59.79287 -32.3894 59.79287 -33.23051 59.79287 -32.3894 59.79287 -32.3894 14.65739 -32.3894 14.65739 -32.3894 -11.76507 -32.3894 -11.76507 -32.3894 14.65739 -32.3894 -33.0712 -32.3894 -33.0712 -32.3894 -11.76507 -32.3894 -58.79287 -32.3894 -58.79287 -32.3894 -33.0712 -33.23043 -58.79287 -33.23043 -58.79287 -32.3894 -58.79287 -50.05657 -58.78738 -50.05657 -58.78738 18.35193 -58.78738 -50.05657 59.78721 -50.05657 59.78721 -50.05657 -58.78738 18.35193 59.78721 18.35193 59.78721 -50.05657 59.78721 18.35193 -58.78738 18.35193 -58.78738 18.35193 59.78721 21.79438 59.78721 21.79438 59.78721 18.37395 59.78721 18.37395 59.78721 18.37395 59.78721 18.37395 -58.78738 18.37395 -58.78738 18.37395 -58.78738 21.79438 -58.78721 21.79438 -58.78721 21.79438 -58.78721 21.79438 59.78721 -50.05657 -58.78738 -50.05657 -58.78738 17.86211 -58.78738 -50.05657 59.78738 -50.05657 59.78738 -50.05657 -58.78738 17.86211 59.78738 17.86211 59.78738 -50.05657 59.78738 17.86211 -58.78738 17.86211 -58.78738 17.86211 59.78738 21.28001 59.78738 21.28001 59.78738 17.88409 59.78738 17.88409 59.78738 17.88409 59.78738 17.88409 -58.78738 17.88409 -58.78738 17.88409 -58.78738 21.28001 -58.78738 21.28001 -58.78738 21.28001 -58.78738 21.28001 59.78738 0.375 0.2968036 0.375 0.4530534 0.625 0.4530534 0.375 0.9531964 0.625 0.9531964 0.625 0.7969467 0.1718036 0.75 0.3280534 0.75 0.3280533 0.5 0.6719467 0.5 0.6719467 0.75 0.8281964 0.75 0.375 0.2968036 0.375 0.4530534 0.625 0.4530534 0.375 0.9531964 0.625 0.9531964 0.625 0.7969467 0.1718036 0.75 0.3280534 0.75 0.3280533 0.5 0.6719467 0.5 0.6719467 0.75 0.8281964 0.75 0.5780534 0.4530534 0.625 0.4530534 0.625 0.2968036 0.4218036 0.2968036 0.375 0.2968036 0.375 0.4530534 0.625 0.7969467 0.4219467 0.7969467 0.5719468 0.9469467 0.375 0.7969467 0.4219467 0.7969467 0.4156971 0.7906971 0.4219467 0.7969467 0.625 0.7969467 0.625 0.7906971 0.625 0.9469469 0.5719468 0.9469467 0.5781964 0.9531965 0.5719468 0.9469467 0.375 0.9469469 0.375 0.9531964 0.375 0.9469469 0.5719468 0.9469467 0.4219467 0.7969467 0.1900694 0.7345586 0.1780532 0.7345586 0.1780532 0.75 0.1780532 0.75 0.3280534 0.75 0.1900694 0.7345586 0.3280534 0.75 0.3343029 0.75 0.3343029 0.7345586 0.3280533 0.5 0.1718036 0.5 0.1721726 0.5047385 0.1718036 0.7188533 0.1718036 0.75 0.1780532 0.7345586 0.1718036 0.75 0.1780532 0.75 0.1780532 0.7345586 0.3280534 0.7345586 0.3280534 0.7188533 0.1900694 0.7345586 0.3280534 0.7188533 0.1718036 0.7188533 0.1900694 0.7345586 0.6719467 0.75 0.6719467 0.7345586 0.6656971 0.7345586 0.679722 0.7345585 0.6719467 0.7345586 0.6719467 0.75 0.6719467 0.75 0.8219469 0.75 0.679722 0.7345585 0.6719467 0.7341516 0.6719467 0.7345586 0.679722 0.7345585 0.8219469 0.7345586 0.8219469 0.75 0.8281964 0.75 0.6719467 0.7341516 0.679722 0.7345585 0.8219469 0.7345586 0.8281963 0.7188532 0.6719467 0.7188534 0.6719467 0.7341516 0.8219469 0.7345586 0.8281964 0.75 0.8281963 0.7188532 0.6719467 0.5 0.6719467 0.5047385 0.8281964 0.5047385 0.1719118 0.546912 0.1719168 0.549247 0.1757563 0.5537301 0.1757563 0.5537301 0.1721721 0.5 0.1719118 0.546912 0.1721721 0.5 0.1718036 0.5 0.1719118 0.546912 0.1718035 0.5491151 0.1719168 0.549247 0.1719118 0.546912 0.1718036 0.75 0.3280534 0.75 0.3280534 0.731552 0.1718036 0.75 0.3280534 0.731552 0.2828888 0.6788184 0.1719168 0.549247 0.1718035 0.5491151 0.1718036 0.75 0.1757563 0.5537304 0.1719168 0.549247 0.1718036 0.75 0.1718036 0.75 0.2828888 0.6788184 0.2651913 0.6581542 0.2651913 0.6581542 0.2651913 0.658154 0.2413285 0.6163289 0.2413285 0.6163289 0.3280534 0.7030534 0.3280533 0.5 0.3280533 0.5 0.1721721 0.5 0.1757563 0.5537301 0.1757563 0.5537304 0.1718036 0.75 0.2413285 0.6163289 0.1718036 0.75 0.2651913 0.6581542 0.2413285 0.6163289 0.3280533 0.5 0.1757563 0.5537301 0.1757563 0.5537304 0.3280534 0.731552 0.3280534 0.7030534 0.3267172 0.7299914 0.3280534 0.7030534 0.2413285 0.6163289 0.2651913 0.658154 0.6736752 0.5486756 0.6719467 0.5492822 0.8281964 0.7317191 0.8281964 0.7317191 0.8281964 0.5 0.6736752 0.5486756 0.8281964 0.5 0.6719467 0.5 0.6719466 0.5469467 0.8281964 0.7317191 0.6719467 0.5492822 0.6719467 0.75 0.625 0.4482296 0.625 0.2919804 0.375 0.2919804 0.625 0.8017705 0.375 0.8017705 0.375 0.9580196 0.3232296 0.5 0.1669804 0.5 0.1669804 0.75 0.6767705 0.5 0.6767705 0.75 0.8330196 0.75 0.375 0.4482296 0.625 0.4482296 0.625 0.2919804 0.625 0.8017705 0.375 0.8017705 0.375 0.9580196 0.3232296 0.75 0.3232296 0.5 0.1669804 0.5 0.6767705 0.5 0.6767705 0.75 0.8330196 0.75 0.375 0.4482296 0.625 0.4482296 0.625 0.2919804 0.625 0.8017705 0.375 0.8017705 0.375 0.9580196 0.3232296 0.5 0.1669804 0.5 0.1669804 0.75 0.8330196 0.75 0.8330196 0.5 0.6767705 0.5</float_array>
          <technique_common>
            <accessor source="#Room_019-mesh-map-0-array" count="4608" stride="2">
              <param name="S" type="float"/>
              <param name="T" type="float"/>
            </accessor>
          </technique_common>
        </source>
        <vertices id="Room_019-mesh-vertices">
          <input semantic="POSITION" source="#Room_019-mesh-positions"/>
        </vertices>
        <triangles material="Material_007-material" count="1536">
          <input semantic="VERTEX" source="#Room_019-mesh-vertices" offset="0"/>
          <input semantic="NORMAL" source="#Room_019-mesh-normals" offset="1"/>
          <input semantic="TEXCOORD" source="#Room_019-mesh-map-0" offset="2" set="0"/>
          <p>2 0 0 1 0 1 0 0 2 603 1 3 4 1 4 612 1 5 5 2 6 613 2 7 4 2 8 642 3 9 602 3 10 604 3 11 2 4 12 619 4 13 643 4 14 6 5 15 5 5 16 4 5 17 8 6 18 7 6 19 6 6 20 10 7 21 9 7 22 8 7 23 12 8 24 11 8 25 10 8 26 14 9 27 13 9 28 12 9 29 16 10 30 15 10 31 14 10 32 18 11 33 17 11 34 16 11 35 20 12 36 19 12 37 18 12 38 22 13 39 21 13 40 20 13 41 24 14 42 23 14 43 22 14 44 26 15 45 25 15 46 24 15 47 29 16 48 680 16 49 28 16 50 673 17 51 671 17 52 679 17 53 27 18 54 690 18 55 689 18 56 674 19 57 27 19 58 688 19 59 30 20 60 29 20 61 28 20 62 32 21 63 31 21 64 30 21 65 34 22 66 33 22 67 32 22 68 36 23 69 35 23 70 34 23 71 38 24 72 37 24 73 36 24 74 623 25 75 625 25 76 644 25 77 39 26 78 38 26 79 644 26 80 43 27 81 1 27 82 42 27 83 44 28 84 3 28 85 43 28 86 45 29 87 5 29 88 44 29 89 46 30 90 7 30 91 45 30 92 47 31 93 9 31 94 46 31 95 48 32 96 11 32 97 47 32 98 49 33 99 13 33 100 48 33 101 50 34 102 15 34 103 49 34 104 51 35 105 17 35 106 50 35 107 52 36 108 19 36 109 51 36 110 53 37 111 21 37 112 52 37 113 54 38 114 23 38 115 53 38 116 55 39 117 25 39 118 54 39 119 56 40 120 27 40 121 55 40 122 57 41 123 29 41 124 56 41 125 58 42 126 31 42 127 57 42 128 59 43 129 33 43 130 58 43 131 60 44 132 35 44 133 59 44 134 61 45 135 37 45 136 60 45 137 62 46 138 39 46 139 61 46 140 65 47 141 64 47 142 63 47 143 67 48 144 66 48 145 65 48 146 69 49 147 68 49 148 67 49 149 71 50 150 70 50 151 69 50 152 73 51 153 72 51 154 71 51 155 75 52 156 74 52 157 73 52 158 77 53 159 76 53 160 75 53 161 79 54 162 78 54 163 77 54 164 81 55 165 80 55 166 79 55 167 83 56 168 82 56 169 81 56 170 86 57 171 64 57 172 85 57 173 87 58 174 66 58 175 86 58 176 88 59 177 68 59 178 87 59 179 89 60 180 70 60 181 88 60 182 90 61 183 72 61 184 89 61 185 91 62 186 74 62 187 90 62 188 92 63 189 76 63 190 91 63 191 93 64 192 78 64 193 92 64 194 94 65 195 80 65 196 93 65 197 95 66 198 82 66 199 94 66 200 97 67 201 98 67 202 96 67 203 99 68 204 100 68 205 98 68 206 101 69 207 102 69 208 100 69 209 97 70 210 105 70 211 104 70 212 99 71 213 106 71 214 105 71 215 101 72 216 107 72 217 106 72 218 109 73 219 110 73 220 108 73 221 111 74 222 112 74 223 110 74 224 113 75 225 114 75 226 112 75 227 109 76 228 117 76 229 116 76 230 111 77 231 118 77 232 117 77 233 113 78 234 119 78 235 118 78 236 122 79 237 121 79 238 120 79 239 124 80 240 123 80 241 122 80 242 126 81 243 125 81 244 124 81 245 128 82 246 127 82 247 126 82 248 130 83 249 129 83 250 128 83 251 132 84 252 131 84 253 130 84 254 134 85 255 133 85 256 132 85 257 136 86 258 135 86 259 134 86 260 138 87 261 137 87 262 136 87 263 140 88 264 139 88 265 138 88 266 142 89 267 141 89 268 140 89 269 145 90 270 121 90 271 144 90 272 146 91 273 123 91 274 145 91 275 147 92 276 125 92 277 146 92 278 148 93 279 127 93 280 147 93 281 149 94 282 129 94 283 148 94 284 150 95 285 131 95 286 149 95 287 151 96 288 133 96 289 150 96 290 152 97 291 135 97 292 151 97 293 153 98 294 137 98 295 152 98 296 154 99 297 139 99 298 153 99 299 155 100 300 141 100 301 154 100 302 157 101 303 158 101 304 156 101 305 159 102 306 160 102 307 158 102 308 161 103 309 162 103 310 160 103 311 157 104 312 165 104 313 164 104 314 159 105 315 166 105 316 165 105 317 161 106 318 167 106 319 166 106 320 169 107 321 170 107 322 168 107 323 173 108 324 169 108 325 172 108 326 175 109 327 176 109 328 174 109 329 177 110 330 178 110 331 176 110 332 179 111 333 180 111 334 178 111 335 180 112 336 175 112 337 174 112 338 175 113 339 183 113 340 182 113 341 177 114 342 184 114 343 183 114 344 179 115 345 185 115 346 184 115 347 185 116 348 175 116 349 182 116 350 188 117 351 187 117 352 186 117 353 190 118 354 189 118 355 188 118 356 192 119 357 191 119 358 190 119 359 194 120 360 193 120 361 192 120 362 196 121 363 195 121 364 194 121 365 198 122 366 197 122 367 196 122 368 200 123 369 199 123 370 198 123 371 202 124 372 201 124 373 200 124 374 205 125 375 187 125 376 204 125 377 206 126 378 189 126 379 205 126 380 207 127 381 191 127 382 206 127 383 208 128 384 193 128 385 207 128 386 209 129 387 195 129 388 208 129 389 210 130 390 197 130 391 209 130 392 211 131 393 199 131 394 210 131 395 212 132 396 201 132 397 211 132 398 214 133 399 215 133 400 213 133 401 216 134 402 217 134 403 215 134 404 218 135 405 219 135 406 217 135 407 220 136 408 221 136 409 219 136 410 222 137 411 223 137 412 221 137 413 214 138 414 226 138 415 225 138 416 216 139 417 227 139 418 226 139 419 218 140 420 228 140 421 227 140 422 220 141 423 229 141 424 228 141 425 222 142 426 230 142 427 229 142 428 233 143 429 232 143 430 231 143 431 235 144 432 234 144 433 233 144 434 238 145 435 232 145 436 237 145 437 239 146 438 234 146 439 238 146 440 241 147 441 242 147 442 240 147 443 243 148 444 244 148 445 242 148 446 241 149 447 247 149 448 246 149 449 243 150 450 248 150 451 247 150 452 251 151 453 250 151 454 249 151 455 253 152 456 252 152 457 251 152 458 255 153 459 254 153 460 253 153 461 258 154 462 250 154 463 257 154 464 259 155 465 252 155 466 258 155 467 260 156 468 254 156 469 259 156 470 262 157 471 263 157 472 261 157 473 266 158 474 262 158 475 265 158 476 268 159 477 269 159 478 267 159 479 270 160 480 271 160 481 269 160 482 272 161 483 273 161 484 271 161 485 274 162 486 275 162 487 273 162 488 268 163 489 278 163 490 277 163 491 270 164 492 279 164 493 278 164 494 272 165 495 280 165 496 279 165 497 274 166 498 281 166 499 280 166 500 283 167 501 284 167 502 282 167 503 287 168 504 283 168 505 286 168 506 289 169 507 290 169 508 288 169 509 293 170 510 289 170 511 292 170 512 295 171 513 296 171 514 294 171 515 299 172 516 617 172 517 616 172 518 607 173 519 299 173 520 615 173 521 646 174 522 606 174 523 608 174 524 297 175 525 626 175 526 647 175 527 663 176 528 630 176 529 647 176 530 661 177 531 628 177 532 646 177 533 299 178 534 300 178 535 298 178 536 301 179 537 302 179 538 300 179 539 303 180 540 304 180 541 302 180 542 305 181 543 306 181 544 304 181 545 307 182 546 308 182 547 306 182 548 309 183 549 310 183 550 308 183 551 311 184 552 312 184 553 310 184 554 313 185 555 314 185 556 312 185 557 315 186 558 316 186 559 314 186 560 317 187 561 318 187 562 316 187 563 319 188 564 320 188 565 318 188 566 323 189 567 684 189 568 683 189 569 678 190 570 675 190 571 686 190 572 677 191 573 320 191 574 692 191 575 321 192 576 694 192 577 320 192 578 323 193 579 324 193 580 322 193 581 325 194 582 326 194 583 324 194 584 327 195 585 328 195 586 326 195 587 329 196 588 330 196 589 328 196 590 331 197 591 332 197 592 330 197 593 332 198 594 333 198 595 648 198 596 635 199 597 633 199 598 648 199 599 295 200 600 337 200 601 336 200 602 297 201 603 338 201 604 337 201 605 299 202 606 339 202 607 338 202 608 301 203 609 340 203 610 339 203 611 303 204 612 341 204 613 340 204 614 305 205 615 342 205 616 341 205 617 307 206 618 343 206 619 342 206 620 309 207 621 344 207 622 343 207 623 311 208 624 345 208 625 344 208 626 313 209 627 346 209 628 345 209 629 315 210 630 347 210 631 346 210 632 317 211 633 348 211 634 347 211 635 319 212 636 349 212 637 348 212 638 321 213 639 350 213 640 349 213 641 323 214 642 351 214 643 350 214 644 325 215 645 352 215 646 351 215 647 327 216 648 353 216 649 352 216 650 329 217 651 354 217 652 353 217 653 331 218 654 355 218 655 354 218 656 333 219 657 356 219 658 355 219 659 358 220 660 359 220 661 357 220 662 360 221 663 361 221 664 359 221 665 362 222 666 363 222 667 361 222 668 364 223 669 365 223 670 363 223 671 366 224 672 367 224 673 365 224 674 368 225 675 369 225 676 367 225 677 370 226 678 371 226 679 369 226 680 372 227 681 373 227 682 371 227 683 374 228 684 375 228 685 373 228 686 376 229 687 377 229 688 375 229 689 380 230 690 381 230 691 379 230 692 381 231 693 360 231 694 383 231 695 360 232 696 384 232 697 383 232 698 362 233 699 385 233 700 384 233 701 364 234 702 386 234 703 385 234 704 366 235 705 387 235 706 386 235 707 368 236 708 388 236 709 387 236 710 370 237 711 389 237 712 388 237 713 372 238 714 390 238 715 389 238 716 374 239 717 391 239 718 390 239 719 376 240 720 392 240 721 391 240 722 395 241 723 394 241 724 393 241 725 397 242 726 396 242 727 395 242 728 399 243 729 398 243 730 397 243 731 402 244 732 394 244 733 401 244 734 403 245 735 396 245 736 402 245 737 404 246 738 398 246 739 403 246 740 407 247 741 406 247 742 405 247 743 409 248 744 408 248 745 407 248 746 411 249 747 410 249 748 409 249 749 414 250 750 406 250 751 413 250 752 415 251 753 408 251 754 414 251 755 416 252 756 410 252 757 415 252 758 418 253 759 419 253 760 417 253 761 420 254 762 421 254 763 419 254 764 422 255 765 423 255 766 421 255 767 424 256 768 425 256 769 423 256 770 426 257 771 427 257 772 425 257 773 428 258 774 429 258 775 427 258 776 430 259 777 431 259 778 429 259 779 432 260 780 433 260 781 431 260 782 434 261 783 435 261 784 433 261 785 436 262 786 437 262 787 435 262 788 438 263 789 439 263 790 437 263 791 418 264 792 442 264 793 441 264 794 420 265 795 443 265 796 442 265 797 422 266 798 444 266 799 443 266 800 424 267 801 445 267 802 444 267 803 426 268 804 446 268 805 445 268 806 428 269 807 447 269 808 446 269 809 430 270 810 448 270 811 447 270 812 432 271 813 449 271 814 448 271 815 434 272 816 450 272 817 449 272 818 436 273 819 451 273 820 450 273 821 452 274 822 453 274 823 451 274 824 457 275 825 456 275 826 455 275 827 459 276 828 458 276 829 457 276 830 461 277 831 460 277 832 459 277 833 464 278 834 456 278 835 463 278 836 465 279 837 458 279 838 464 279 839 466 280 840 460 280 841 465 280 842 470 281 843 469 281 844 468 281 845 473 282 846 474 282 847 472 282 848 478 283 849 477 283 850 476 283 851 480 284 852 479 284 853 478 284 854 482 285 855 481 285 856 480 285 857 477 286 858 482 286 859 476 286 860 485 287 861 477 287 862 484 287 863 486 288 864 479 288 865 485 288 866 487 289 867 481 289 868 486 289 869 477 290 870 487 290 871 484 290 872 489 291 873 490 291 874 488 291 875 491 292 876 492 292 877 490 292 878 493 293 879 494 293 880 492 293 881 495 294 882 496 294 883 494 294 884 497 295 885 498 295 886 496 295 887 499 296 888 500 296 889 498 296 890 501 297 891 502 297 892 500 297 893 503 298 894 504 298 895 502 298 896 489 299 897 507 299 898 506 299 899 491 300 900 508 300 901 507 300 902 493 301 903 509 301 904 508 301 905 495 302 906 510 302 907 509 302 908 497 303 909 511 303 910 510 303 911 499 304 912 512 304 913 511 304 914 501 305 915 513 305 916 512 305 917 503 306 918 514 306 919 513 306 920 517 307 921 516 307 922 515 307 923 519 308 924 518 308 925 517 308 926 521 309 927 520 309 928 519 309 929 523 310 930 522 310 931 521 310 932 525 311 933 524 311 934 523 311 935 528 312 936 516 312 937 527 312 938 529 313 939 518 313 940 528 313 941 530 314 942 520 314 943 529 314 944 531 315 945 522 315 946 530 315 947 532 316 948 524 316 949 531 316 950 534 317 951 535 317 952 533 317 953 536 318 954 537 318 955 535 318 956 534 319 957 540 319 958 539 319 959 536 320 960 541 320 961 540 320 962 544 321 963 543 321 964 542 321 965 546 322 966 545 322 967 544 322 968 549 323 969 543 323 970 548 323 971 550 324 972 545 324 973 549 324 974 552 325 975 553 325 976 551 325 977 554 326 978 555 326 979 553 326 980 556 327 981 557 327 982 555 327 983 552 328 984 560 328 985 559 328 986 554 329 987 561 329 988 560 329 989 556 330 990 562 330 991 561 330 992 565 331 993 564 331 994 563 331 995 568 332 996 569 332 997 567 332 998 573 333 999 572 333 1000 571 333 1001 575 334 1002 574 334 1003 573 334 1004 577 335 1005 576 335 1006 575 335 1007 579 336 1008 578 336 1009 577 336 1010 582 337 1011 572 337 1012 581 337 1013 583 338 1014 574 338 1015 582 338 1016 584 339 1017 576 339 1018 583 339 1019 585 340 1020 578 340 1021 584 340 1022 588 341 1023 587 341 1024 586 341 1025 591 342 1026 592 342 1027 590 342 1028 596 343 1029 595 343 1030 594 343 1031 599 344 1032 600 344 1033 598 344 1034 1 345 1035 294 345 1036 0 345 1037 2 346 1038 294 346 1039 296 346 1040 3 347 1041 295 347 1042 1 347 1043 2 348 1044 298 348 1045 4 348 1046 3 349 1047 299 349 1048 297 349 1049 4 350 1050 300 350 1051 6 350 1052 5 351 1053 301 351 1054 299 351 1055 6 352 1056 302 352 1057 8 352 1058 9 353 1059 301 353 1060 7 353 1061 10 354 1062 302 354 1063 304 354 1064 11 355 1065 303 355 1066 9 355 1067 10 356 1068 306 356 1069 12 356 1070 13 357 1071 305 357 1072 11 357 1073 12 358 1074 308 358 1075 14 358 1076 15 359 1077 307 359 1078 13 359 1079 14 360 1080 310 360 1081 16 360 1082 15 361 1083 311 361 1084 309 361 1085 16 362 1086 312 362 1087 18 362 1088 19 363 1089 311 363 1090 17 363 1091 20 364 1092 312 364 1093 314 364 1094 21 365 1095 313 365 1096 19 365 1097 20 366 1098 316 366 1099 22 366 1100 23 367 1101 315 367 1102 21 367 1103 22 368 1104 318 368 1105 24 368 1106 23 369 1107 319 369 1108 317 369 1109 24 370 1110 320 370 1111 26 370 1112 27 371 1113 319 371 1114 25 371 1115 26 372 1116 322 372 1117 28 372 1118 29 373 1119 321 373 1120 27 373 1121 28 374 1122 324 374 1123 30 374 1124 31 375 1125 323 375 1126 29 375 1127 32 376 1128 324 376 1129 326 376 1130 33 377 1131 325 377 1132 31 377 1133 32 378 1134 328 378 1135 34 378 1136 33 379 1137 329 379 1138 327 379 1139 34 380 1140 330 380 1141 36 380 1142 35 381 1143 331 381 1144 329 381 1145 36 382 1146 332 382 1147 38 382 1148 39 383 1149 331 383 1150 37 383 1151 40 384 1152 332 384 1153 334 384 1154 41 385 1155 623 385 1156 637 385 1157 637 386 1158 636 386 1159 634 386 1160 334 387 1161 635 387 1162 636 387 1163 41 388 1164 333 388 1165 39 388 1166 1 389 1167 336 389 1168 42 389 1169 43 390 1170 336 390 1171 337 390 1172 43 391 1173 338 391 1174 44 391 1175 44 392 1176 339 392 1177 45 392 1178 45 393 1179 340 393 1180 46 393 1181 47 394 1182 340 394 1183 341 394 1184 47 395 1185 342 395 1186 48 395 1187 48 396 1188 343 396 1189 49 396 1190 49 397 1191 344 397 1192 50 397 1193 50 398 1194 345 398 1195 51 398 1196 52 399 1197 345 399 1198 346 399 1199 52 400 1200 347 400 1201 53 400 1202 53 401 1203 348 401 1204 54 401 1205 54 402 1206 349 402 1207 55 402 1208 55 403 1209 350 403 1210 56 403 1211 56 404 1212 351 404 1213 57 404 1214 58 405 1215 351 405 1216 352 405 1217 58 406 1218 353 406 1219 59 406 1220 59 407 1221 354 407 1222 60 407 1223 60 408 1224 355 408 1225 61 408 1226 62 409 1227 355 409 1228 356 409 1229 62 410 1230 335 410 1231 41 410 1232 64 411 1233 357 411 1234 63 411 1235 65 412 1236 361 412 1237 67 412 1238 68 413 1239 360 413 1240 66 413 1241 69 414 1242 361 414 1243 363 414 1244 70 415 1245 362 415 1246 68 415 1247 69 416 1248 365 416 1249 71 416 1250 70 417 1251 366 417 1252 364 417 1253 73 418 1254 365 418 1255 367 418 1256 74 419 1257 366 419 1258 72 419 1259 73 420 1260 369 420 1261 75 420 1262 76 421 1263 368 421 1264 74 421 1265 75 422 1266 371 422 1267 77 422 1268 76 423 1269 372 423 1270 370 423 1271 77 424 1272 373 424 1273 79 424 1274 78 425 1275 374 425 1276 372 425 1277 81 426 1278 373 426 1279 375 426 1280 82 427 1281 374 427 1282 80 427 1283 81 428 1284 377 428 1285 83 428 1286 83 429 1287 378 429 1288 84 429 1289 82 430 1290 378 430 1291 376 430 1292 63 431 1293 359 431 1294 65 431 1295 64 432 1296 360 432 1297 358 432 1298 85 433 1299 379 433 1300 381 433 1301 64 434 1302 382 434 1303 380 434 1304 85 435 1305 383 435 1306 86 435 1307 64 436 1308 360 436 1309 382 436 1310 86 437 1311 384 437 1312 87 437 1313 88 438 1314 384 438 1315 385 438 1316 88 439 1317 386 439 1318 89 439 1319 90 440 1320 386 440 1321 387 440 1322 90 441 1323 388 441 1324 91 441 1325 91 442 1326 389 442 1327 92 442 1328 92 443 1329 390 443 1330 93 443 1331 94 444 1332 390 444 1333 391 444 1334 94 445 1335 392 445 1336 95 445 1337 95 446 1338 378 446 1339 84 446 1340 96 447 1341 394 447 1342 97 447 1343 96 448 1344 98 448 1345 393 448 1346 98 449 1347 395 449 1348 393 449 1349 99 450 1350 97 450 1351 396 450 1352 97 451 1353 394 451 1354 396 451 1355 100 452 1356 395 452 1357 98 452 1358 99 453 1359 398 453 1360 101 453 1361 102 454 1362 397 454 1363 100 454 1364 103 455 1365 399 455 1366 102 455 1367 103 456 1368 398 456 1369 400 456 1370 104 457 1371 394 457 1372 97 457 1373 104 458 1374 105 458 1375 401 458 1376 105 459 1377 402 459 1378 401 459 1379 99 460 1380 97 460 1381 396 460 1382 97 461 1383 394 461 1384 396 461 1385 106 462 1386 402 462 1387 105 462 1388 107 463 1389 403 463 1390 106 463 1391 103 464 1392 404 464 1393 107 464 1394 108 465 1395 406 465 1396 109 465 1397 110 466 1398 405 466 1399 108 466 1400 111 467 1401 406 467 1402 408 467 1403 110 468 1404 409 468 1405 407 468 1406 111 469 1407 410 469 1408 113 469 1409 114 470 1410 409 470 1411 112 470 1412 115 471 1413 411 471 1414 114 471 1415 115 472 1416 410 472 1417 412 472 1418 116 473 1419 406 473 1420 109 473 1421 117 474 1422 413 474 1423 116 474 1424 117 475 1425 415 475 1426 414 475 1427 119 476 1428 415 476 1429 118 476 1430 115 477 1431 416 477 1432 119 477 1433 121 478 1434 417 478 1435 120 478 1436 120 479 1437 419 479 1438 122 479 1439 121 480 1440 420 480 1441 418 480 1442 124 481 1443 419 481 1444 421 481 1445 125 482 1446 420 482 1447 123 482 1448 124 483 1449 423 483 1450 126 483 1451 125 484 1452 424 484 1453 422 484 1454 128 485 1455 423 485 1456 425 485 1457 129 486 1458 424 486 1459 127 486 1460 128 487 1461 427 487 1462 130 487 1463 131 488 1464 426 488 1465 129 488 1466 130 489 1467 429 489 1468 132 489 1469 131 490 1470 430 490 1471 428 490 1472 132 491 1473 431 491 1474 134 491 1475 135 492 1476 430 492 1477 133 492 1478 136 493 1479 431 493 1480 433 493 1481 137 494 1482 432 494 1483 135 494 1484 136 495 1485 435 495 1486 138 495 1487 139 496 1488 434 496 1489 137 496 1490 138 497 1491 437 497 1492 140 497 1493 141 498 1494 436 498 1495 139 498 1496 140 499 1497 439 499 1498 142 499 1499 142 500 1500 440 500 1501 143 500 1502 141 501 1503 440 501 1504 438 501 1505 121 502 1506 441 502 1507 144 502 1508 144 503 1509 442 503 1510 145 503 1511 146 504 1512 442 504 1513 443 504 1514 146 505 1515 444 505 1516 147 505 1517 148 506 1518 444 506 1519 445 506 1520 148 507 1521 446 507 1522 149 507 1523 149 508 1524 447 508 1525 150 508 1526 150 509 1527 448 509 1528 151 509 1529 152 510 1530 448 510 1531 449 510 1532 152 511 1533 450 511 1534 153 511 1535 153 512 1536 451 512 1537 154 512 1538 154 513 1539 453 513 1540 155 513 1541 155 514 1542 454 514 1543 143 514 1544 141 515 1545 454 515 1546 452 515 1547 156 516 1548 456 516 1549 157 516 1550 156 517 1551 158 517 1552 455 517 1553 158 518 1554 457 518 1555 455 518 1556 159 519 1557 157 519 1558 458 519 1559 157 520 1560 456 520 1561 458 520 1562 160 521 1563 457 521 1564 158 521 1565 161 522 1566 458 522 1567 460 522 1568 162 523 1569 459 523 1570 160 523 1571 163 524 1572 461 524 1573 162 524 1574 163 525 1575 460 525 1576 462 525 1577 164 526 1578 456 526 1579 157 526 1580 164 527 1581 165 527 1582 463 527 1583 165 528 1584 464 528 1585 463 528 1586 159 529 1587 157 529 1588 458 529 1589 157 530 1590 456 530 1591 458 530 1592 166 531 1593 464 531 1594 165 531 1595 167 532 1596 465 532 1597 166 532 1598 163 533 1599 466 533 1600 167 533 1601 163 534 1602 460 534 1603 467 534 1604 168 535 1605 469 535 1606 169 535 1607 170 536 1608 468 536 1609 168 536 1610 171 537 1611 470 537 1612 170 537 1613 169 538 1614 471 538 1615 171 538 1616 169 539 1617 472 539 1618 172 539 1619 172 540 1620 474 540 1621 173 540 1622 173 541 1623 475 541 1624 171 541 1625 171 542 1626 473 542 1627 169 542 1628 174 543 1629 478 543 1630 476 543 1631 175 544 1632 479 544 1633 177 544 1634 178 545 1635 478 545 1636 176 545 1637 179 546 1638 479 546 1639 481 546 1640 178 547 1641 482 547 1642 480 547 1643 179 548 1644 483 548 1645 181 548 1646 174 549 1647 482 549 1648 180 549 1649 175 550 1650 483 550 1651 477 550 1652 182 551 1653 485 551 1654 484 551 1655 184 552 1656 485 552 1657 183 552 1658 184 553 1659 487 553 1660 486 553 1661 182 554 1662 487 554 1663 185 554 1664 187 555 1665 488 555 1666 186 555 1667 188 556 1668 488 556 1669 490 556 1670 189 557 1671 489 557 1672 187 557 1673 188 558 1674 492 558 1675 190 558 1676 189 559 1677 493 559 1678 491 559 1679 192 560 1680 492 560 1681 494 560 1682 193 561 1683 493 561 1684 191 561 1685 194 562 1686 494 562 1687 496 562 1688 195 563 1689 495 563 1690 193 563 1691 196 564 1692 496 564 1693 498 564 1694 197 565 1695 497 565 1696 195 565 1697 196 566 1698 500 566 1699 198 566 1700 197 567 1701 501 567 1702 499 567 1703 198 568 1704 502 568 1705 200 568 1706 201 569 1707 501 569 1708 199 569 1709 202 570 1710 502 570 1711 504 570 1712 202 571 1713 505 571 1714 203 571 1715 203 572 1716 503 572 1717 201 572 1718 187 573 1719 506 573 1720 204 573 1721 205 574 1722 506 574 1723 507 574 1724 205 575 1725 508 575 1726 206 575 1727 207 576 1728 508 576 1729 509 576 1730 208 577 1731 509 577 1732 510 577 1733 209 578 1734 510 578 1735 511 578 1736 209 579 1737 512 579 1738 210 579 1739 210 580 1740 513 580 1741 211 580 1742 212 581 1743 513 581 1744 514 581 1745 212 582 1746 505 582 1747 203 582 1748 213 583 1749 516 583 1750 214 583 1751 215 584 1752 515 584 1753 213 584 1754 216 585 1755 516 585 1756 518 585 1757 215 586 1758 519 586 1759 517 586 1760 216 587 1761 520 587 1762 218 587 1763 219 588 1764 519 588 1765 217 588 1766 218 589 1767 522 589 1768 220 589 1769 221 590 1770 521 590 1771 219 590 1772 222 591 1773 522 591 1774 524 591 1775 223 592 1776 523 592 1777 221 592 1778 224 593 1779 525 593 1780 223 593 1781 224 594 1782 524 594 1783 526 594 1784 225 595 1785 516 595 1786 214 595 1787 226 596 1788 527 596 1789 225 596 1790 226 597 1791 529 597 1792 528 597 1793 228 598 1794 529 598 1795 227 598 1796 229 599 1797 530 599 1798 228 599 1799 230 600 1800 531 600 1801 229 600 1802 224 601 1803 532 601 1804 230 601 1805 232 602 1806 533 602 1807 231 602 1808 231 603 1809 535 603 1810 233 603 1811 232 604 1812 536 604 1813 534 604 1814 235 605 1815 535 605 1816 537 605 1817 235 606 1818 538 606 1819 236 606 1820 236 607 1821 536 607 1822 234 607 1823 232 608 1824 539 608 1825 237 608 1826 237 609 1827 540 609 1828 238 609 1829 239 610 1830 540 610 1831 541 610 1832 239 611 1833 538 611 1834 236 611 1835 240 612 1836 543 612 1837 241 612 1838 240 613 1839 544 613 1840 542 613 1841 241 614 1842 545 614 1843 243 614 1844 244 615 1845 544 615 1846 242 615 1847 245 616 1848 546 616 1849 244 616 1850 245 617 1851 545 617 1852 547 617 1853 246 618 1854 543 618 1855 241 618 1856 246 619 1857 549 619 1858 548 619 1859 248 620 1860 549 620 1861 247 620 1862 245 621 1863 550 621 1864 248 621 1865 250 622 1866 551 622 1867 249 622 1868 249 623 1869 551 623 1870 553 623 1871 251 624 1872 249 624 1873 553 624 1874 250 625 1875 252 625 1876 552 625 1877 252 626 1878 554 626 1879 552 626 1880 251 627 1881 555 627 1882 253 627 1883 254 628 1884 554 628 1885 252 628 1886 255 629 1887 555 629 1888 557 629 1889 255 630 1890 558 630 1891 256 630 1892 256 631 1893 556 631 1894 254 631 1895 250 632 1896 559 632 1897 257 632 1898 257 633 1899 559 633 1900 560 633 1901 258 634 1902 257 634 1903 560 634 1904 250 635 1905 252 635 1906 552 635 1907 252 636 1908 554 636 1909 552 636 1910 258 637 1911 561 637 1912 259 637 1913 260 638 1914 561 638 1915 562 638 1916 260 639 1917 558 639 1918 256 639 1919 261 640 1920 564 640 1921 262 640 1922 263 641 1923 563 641 1924 261 641 1925 264 642 1926 565 642 1927 263 642 1928 262 643 1929 566 643 1930 264 643 1931 262 644 1932 567 644 1933 265 644 1934 265 645 1935 569 645 1936 266 645 1937 266 646 1938 570 646 1939 264 646 1940 264 647 1941 568 647 1942 262 647 1943 267 648 1944 572 648 1945 268 648 1946 267 649 1947 573 649 1948 571 649 1949 268 650 1950 574 650 1951 270 650 1952 271 651 1953 573 651 1954 269 651 1955 272 652 1956 574 652 1957 576 652 1958 273 653 1959 575 653 1960 271 653 1961 272 654 1962 578 654 1963 274 654 1964 275 655 1965 577 655 1966 273 655 1967 276 656 1968 579 656 1969 275 656 1970 276 657 1971 578 657 1972 580 657 1973 277 658 1974 572 658 1975 268 658 1976 277 659 1977 582 659 1978 581 659 1979 279 660 1980 582 660 1981 278 660 1982 280 661 1983 583 661 1984 279 661 1985 281 662 1986 584 662 1987 280 662 1988 276 663 1989 585 663 1990 281 663 1991 282 664 1992 587 664 1993 283 664 1994 284 665 1995 586 665 1996 282 665 1997 285 666 1998 588 666 1999 284 666 2000 283 667 2001 589 667 2002 285 667 2003 283 668 2004 590 668 2005 286 668 2006 286 669 2007 592 669 2008 287 669 2009 287 670 2010 593 670 2011 285 670 2012 285 671 2013 591 671 2014 283 671 2015 288 672 2016 595 672 2017 289 672 2018 290 673 2019 594 673 2020 288 673 2021 291 674 2022 596 674 2023 290 674 2024 289 675 2025 597 675 2026 291 675 2027 289 676 2028 598 676 2029 292 676 2030 292 677 2031 600 677 2032 293 677 2033 293 678 2034 601 678 2035 291 678 2036 291 679 2037 599 679 2038 289 679 2039 605 680 2040 609 680 2041 603 680 2042 604 681 2043 608 681 2044 606 681 2045 604 682 2046 607 682 2047 605 682 2048 609 683 2049 602 683 2050 603 683 2051 611 684 2052 617 684 2053 613 684 2054 610 685 2055 614 685 2056 615 685 2057 610 686 2058 616 686 2059 611 686 2060 617 687 2061 612 687 2062 613 687 2063 646 688 2064 621 688 2065 642 688 2066 642 689 2067 628 689 2068 646 689 2069 627 690 2070 644 690 2071 622 690 2072 626 691 2073 648 691 2074 632 691 2075 647 692 2076 633 692 2077 648 692 2078 622 693 2079 643 693 2080 619 693 2081 644 694 2082 618 694 2083 643 694 2084 625 695 2085 647 695 2086 626 695 2087 666 696 2088 620 696 2089 656 696 2090 626 697 2091 638 697 2092 637 697 2093 626 698 2094 634 698 2095 638 698 2096 628 699 2097 666 699 2098 661 699 2099 658 700 2100 623 700 2101 637 700 2102 650 701 2103 651 701 2104 670 701 2105 629 702 2106 670 702 2107 651 702 2108 627 703 2109 635 703 2110 633 703 2111 622 704 2112 624 704 2113 636 704 2114 630 705 2115 624 705 2116 655 705 2117 631 706 2118 659 706 2119 621 706 2120 656 707 2121 657 707 2122 668 707 2123 654 708 2124 649 708 2125 652 708 2126 640 709 2127 668 709 2128 657 709 2129 669 710 2130 661 710 2131 654 710 2132 651 711 2133 662 711 2134 650 711 2135 650 712 2136 670 712 2137 651 712 2138 650 713 2139 653 713 2140 670 713 2141 629 714 2142 651 714 2143 670 714 2144 667 715 2145 659 715 2146 664 715 2147 641 716 2148 663 716 2149 655 716 2150 645 717 2151 667 717 2152 664 717 2153 672 718 2154 676 718 2155 674 718 2156 671 719 2157 675 719 2158 678 719 2159 674 720 2160 675 720 2161 673 720 2162 672 721 2163 678 721 2164 677 721 2165 682 722 2166 685 722 2167 686 722 2168 680 723 2169 683 723 2170 684 723 2171 681 724 2172 686 724 2173 683 724 2174 679 725 2175 684 725 2176 685 725 2177 689 726 2178 694 726 2179 693 726 2180 687 727 2181 691 727 2182 692 727 2183 689 728 2184 691 728 2185 688 728 2186 692 729 2187 690 729 2188 687 729 2189 2 730 2190 3 730 2191 1 730 2192 610 731 2193 611 731 2194 5 731 2195 5 732 2196 3 732 2197 605 732 2198 3 733 2199 604 733 2200 605 733 2201 610 734 2202 5 734 2203 605 734 2204 603 735 2205 602 735 2206 2 735 2207 610 736 2208 605 736 2209 603 736 2210 4 737 2211 613 737 2212 612 737 2213 612 738 2214 610 738 2215 603 738 2216 603 739 2217 2 739 2218 4 739 2219 5 740 2220 611 740 2221 613 740 2222 655 741 2223 619 741 2224 2 741 2225 3 742 2226 618 742 2227 658 742 2228 3 743 2229 658 743 2230 640 743 2231 641 744 2232 655 744 2233 2 744 2234 659 745 2235 641 745 2236 2 745 2237 3 746 2238 640 746 2239 657 746 2240 3 747 2241 657 747 2242 656 747 2243 621 748 2244 659 748 2245 2 748 2246 621 749 2247 2 749 2248 602 749 2249 3 750 2250 656 750 2251 620 750 2252 642 751 2253 621 751 2254 602 751 2255 604 752 2256 3 752 2257 620 752 2258 620 753 2259 642 753 2260 604 753 2261 643 754 2262 618 754 2263 3 754 2264 3 755 2265 2 755 2266 643 755 2267 6 756 2268 7 756 2269 5 756 2270 8 757 2271 9 757 2272 7 757 2273 10 758 2274 11 758 2275 9 758 2276 12 759 2277 13 759 2278 11 759 2279 14 760 2280 15 760 2281 13 760 2282 16 761 2283 17 761 2284 15 761 2285 18 762 2286 19 762 2287 17 762 2288 20 763 2289 21 763 2290 19 763 2291 22 764 2292 23 764 2293 21 764 2294 24 765 2295 25 765 2296 23 765 2297 26 766 2298 27 766 2299 25 766 2300 29 767 2301 681 767 2302 680 767 2303 682 768 2304 681 768 2305 29 768 2306 28 769 2307 680 769 2308 679 769 2309 682 770 2310 29 770 2311 673 770 2312 671 771 2313 28 771 2314 679 771 2315 679 772 2316 682 772 2317 673 772 2318 27 773 2319 26 773 2320 690 773 2321 687 774 2322 690 774 2323 26 774 2324 26 775 2325 28 775 2326 672 775 2327 28 776 2328 671 776 2329 672 776 2330 687 777 2331 26 777 2332 672 777 2333 674 778 2334 673 778 2335 29 778 2336 687 779 2337 672 779 2338 674 779 2339 27 780 2340 689 780 2341 688 780 2342 688 781 2343 687 781 2344 674 781 2345 674 782 2346 29 782 2347 27 782 2348 30 783 2349 31 783 2350 29 783 2351 32 784 2352 33 784 2353 31 784 2354 34 785 2355 35 785 2356 33 785 2357 36 786 2358 37 786 2359 35 786 2360 38 787 2361 39 787 2362 37 787 2363 644 788 2364 622 788 2365 624 788 2366 624 789 2367 623 789 2368 644 789 2369 625 790 2370 623 790 2371 41 790 2372 38 791 2373 40 791 2374 622 791 2375 40 792 2376 624 792 2377 622 792 2378 625 793 2379 41 793 2380 39 793 2381 38 794 2382 622 794 2383 644 794 2384 644 795 2385 625 795 2386 39 795 2387 43 796 2388 3 796 2389 1 796 2390 44 797 2391 5 797 2392 3 797 2393 45 798 2394 7 798 2395 5 798 2396 46 799 2397 9 799 2398 7 799 2399 47 800 2400 11 800 2401 9 800 2402 48 801 2403 13 801 2404 11 801 2405 49 802 2406 15 802 2407 13 802 2408 50 803 2409 17 803 2410 15 803 2411 51 804 2412 19 804 2413 17 804 2414 52 805 2415 21 805 2416 19 805 2417 53 806 2418 23 806 2419 21 806 2420 54 807 2421 25 807 2422 23 807 2423 55 808 2424 27 808 2425 25 808 2426 56 809 2427 29 809 2428 27 809 2429 57 810 2430 31 810 2431 29 810 2432 58 811 2433 33 811 2434 31 811 2435 59 812 2436 35 812 2437 33 812 2438 60 813 2439 37 813 2440 35 813 2441 61 814 2442 39 814 2443 37 814 2444 62 815 2445 41 815 2446 39 815 2447 65 816 2448 66 816 2449 64 816 2450 67 817 2451 68 817 2452 66 817 2453 69 818 2454 70 818 2455 68 818 2456 71 819 2457 72 819 2458 70 819 2459 73 820 2460 74 820 2461 72 820 2462 75 821 2463 76 821 2464 74 821 2465 77 822 2466 78 822 2467 76 822 2468 79 823 2469 80 823 2470 78 823 2471 81 824 2472 82 824 2473 80 824 2474 83 825 2475 84 825 2476 82 825 2477 86 826 2478 66 826 2479 64 826 2480 87 827 2481 68 827 2482 66 827 2483 88 828 2484 70 828 2485 68 828 2486 89 829 2487 72 829 2488 70 829 2489 90 830 2490 74 830 2491 72 830 2492 91 831 2493 76 831 2494 74 831 2495 92 832 2496 78 832 2497 76 832 2498 93 833 2499 80 833 2500 78 833 2501 94 834 2502 82 834 2503 80 834 2504 95 835 2505 84 835 2506 82 835 2507 97 836 2508 99 836 2509 98 836 2510 99 837 2511 101 837 2512 100 837 2513 101 838 2514 103 838 2515 102 838 2516 97 839 2517 99 839 2518 105 839 2519 99 840 2520 101 840 2521 106 840 2522 101 841 2523 103 841 2524 107 841 2525 109 842 2526 111 842 2527 110 842 2528 111 843 2529 113 843 2530 112 843 2531 113 844 2532 115 844 2533 114 844 2534 109 845 2535 111 845 2536 117 845 2537 111 846 2538 113 846 2539 118 846 2540 113 847 2541 115 847 2542 119 847 2543 122 848 2544 123 848 2545 121 848 2546 124 849 2547 125 849 2548 123 849 2549 126 850 2550 127 850 2551 125 850 2552 128 851 2553 129 851 2554 127 851 2555 130 852 2556 131 852 2557 129 852 2558 132 853 2559 133 853 2560 131 853 2561 134 854 2562 135 854 2563 133 854 2564 136 855 2565 137 855 2566 135 855 2567 138 856 2568 139 856 2569 137 856 2570 140 857 2571 141 857 2572 139 857 2573 142 858 2574 143 858 2575 141 858 2576 145 859 2577 123 859 2578 121 859 2579 146 860 2580 125 860 2581 123 860 2582 147 861 2583 127 861 2584 125 861 2585 148 862 2586 129 862 2587 127 862 2588 149 863 2589 131 863 2590 129 863 2591 150 864 2592 133 864 2593 131 864 2594 151 865 2595 135 865 2596 133 865 2597 152 866 2598 137 866 2599 135 866 2600 153 867 2601 139 867 2602 137 867 2603 154 868 2604 141 868 2605 139 868 2606 155 869 2607 143 869 2608 141 869 2609 157 870 2610 159 870 2611 158 870 2612 159 871 2613 161 871 2614 160 871 2615 161 872 2616 163 872 2617 162 872 2618 157 873 2619 159 873 2620 165 873 2621 159 874 2622 161 874 2623 166 874 2624 161 875 2625 163 875 2626 167 875 2627 169 876 2628 171 876 2629 170 876 2630 173 877 2631 171 877 2632 169 877 2633 175 878 2634 177 878 2635 176 878 2636 177 879 2637 179 879 2638 178 879 2639 179 880 2640 181 880 2641 180 880 2642 180 881 2643 181 881 2644 175 881 2645 175 882 2646 177 882 2647 183 882 2648 177 883 2649 179 883 2650 184 883 2651 179 884 2652 181 884 2653 185 884 2654 185 885 2655 181 885 2656 175 885 2657 188 886 2658 189 886 2659 187 886 2660 190 887 2661 191 887 2662 189 887 2663 192 888 2664 193 888 2665 191 888 2666 194 889 2667 195 889 2668 193 889 2669 196 890 2670 197 890 2671 195 890 2672 198 891 2673 199 891 2674 197 891 2675 200 892 2676 201 892 2677 199 892 2678 202 893 2679 203 893 2680 201 893 2681 205 894 2682 189 894 2683 187 894 2684 206 895 2685 191 895 2686 189 895 2687 207 896 2688 193 896 2689 191 896 2690 208 897 2691 195 897 2692 193 897 2693 209 898 2694 197 898 2695 195 898 2696 210 899 2697 199 899 2698 197 899 2699 211 900 2700 201 900 2701 199 900 2702 212 901 2703 203 901 2704 201 901 2705 214 902 2706 216 902 2707 215 902 2708 216 903 2709 218 903 2710 217 903 2711 218 904 2712 220 904 2713 219 904 2714 220 905 2715 222 905 2716 221 905 2717 222 906 2718 224 906 2719 223 906 2720 214 907 2721 216 907 2722 226 907 2723 216 908 2724 218 908 2725 227 908 2726 218 909 2727 220 909 2728 228 909 2729 220 910 2730 222 910 2731 229 910 2732 222 911 2733 224 911 2734 230 911 2735 233 912 2736 234 912 2737 232 912 2738 235 913 2739 236 913 2740 234 913 2741 238 914 2742 234 914 2743 232 914 2744 239 915 2745 236 915 2746 234 915 2747 241 916 2748 243 916 2749 242 916 2750 243 917 2751 245 917 2752 244 917 2753 241 918 2754 243 918 2755 247 918 2756 243 919 2757 245 919 2758 248 919 2759 251 920 2760 252 920 2761 250 920 2762 253 921 2763 254 921 2764 252 921 2765 255 922 2766 256 922 2767 254 922 2768 258 923 2769 252 923 2770 250 923 2771 259 924 2772 254 924 2773 252 924 2774 260 925 2775 256 925 2776 254 925 2777 262 926 2778 264 926 2779 263 926 2780 266 927 2781 264 927 2782 262 927 2783 268 928 2784 270 928 2785 269 928 2786 270 929 2787 272 929 2788 271 929 2789 272 930 2790 274 930 2791 273 930 2792 274 931 2793 276 931 2794 275 931 2795 268 932 2796 270 932 2797 278 932 2798 270 933 2799 272 933 2800 279 933 2801 272 934 2802 274 934 2803 280 934 2804 274 935 2805 276 935 2806 281 935 2807 283 936 2808 285 936 2809 284 936 2810 287 937 2811 285 937 2812 283 937 2813 289 938 2814 291 938 2815 290 938 2816 293 939 2817 291 939 2818 289 939 2819 295 940 2820 297 940 2821 296 940 2822 299 941 2823 298 941 2824 617 941 2825 614 942 2826 617 942 2827 298 942 2828 298 943 2829 296 943 2830 609 943 2831 296 944 2832 608 944 2833 609 944 2834 614 945 2835 298 945 2836 609 945 2837 607 946 2838 606 946 2839 297 946 2840 614 947 2841 609 947 2842 607 947 2843 299 948 2844 616 948 2845 615 948 2846 615 949 2847 614 949 2848 607 949 2849 607 950 2850 297 950 2851 299 950 2852 660 951 2853 626 951 2854 297 951 2855 296 952 2856 627 952 2857 630 952 2858 296 953 2859 630 953 2860 663 953 2861 629 954 2862 660 954 2863 297 954 2864 662 955 2865 629 955 2866 297 955 2867 296 956 2868 663 956 2869 645 956 2870 296 957 2871 645 957 2872 664 957 2873 661 958 2874 662 958 2875 297 958 2876 628 959 2877 661 959 2878 297 959 2879 296 960 2880 664 960 2881 665 960 2882 296 961 2883 665 961 2884 631 961 2885 628 962 2886 297 962 2887 606 962 2888 646 963 2889 628 963 2890 606 963 2891 608 964 2892 296 964 2893 631 964 2894 631 965 2895 646 965 2896 608 965 2897 647 966 2898 627 966 2899 296 966 2900 296 967 2901 297 967 2902 647 967 2903 626 968 2904 660 968 2905 647 968 2906 660 969 2907 663 969 2908 647 969 2909 630 970 2910 627 970 2911 647 970 2912 631 971 2913 665 971 2914 646 971 2915 665 972 2916 661 972 2917 646 972 2918 299 973 2919 301 973 2920 300 973 2921 301 974 2922 303 974 2923 302 974 2924 303 975 2925 305 975 2926 304 975 2927 305 976 2928 307 976 2929 306 976 2930 307 977 2931 309 977 2932 308 977 2933 309 978 2934 311 978 2935 310 978 2936 311 979 2937 313 979 2938 312 979 2939 313 980 2940 315 980 2941 314 980 2942 315 981 2943 317 981 2944 316 981 2945 317 982 2946 319 982 2947 318 982 2948 319 983 2949 321 983 2950 320 983 2951 323 984 2952 322 984 2953 684 984 2954 685 985 2955 684 985 2956 322 985 2957 323 986 2958 683 986 2959 686 986 2960 685 987 2961 322 987 2962 678 987 2963 675 988 2964 323 988 2965 686 988 2966 686 989 2967 685 989 2968 678 989 2969 691 990 2970 693 990 2971 321 990 2972 321 991 2973 323 991 2974 676 991 2975 323 992 2976 675 992 2977 676 992 2978 691 993 2979 321 993 2980 676 993 2981 677 994 2982 678 994 2983 322 994 2984 691 995 2985 676 995 2986 677 995 2987 320 996 2988 694 996 2989 692 996 2990 692 997 2991 691 997 2992 677 997 2993 677 998 2994 322 998 2995 320 998 2996 321 999 2997 693 999 2998 694 999 2999 323 1000 3000 325 1000 3001 324 1000 3002 325 1001 3003 327 1001 3004 326 1001 3005 327 1002 3006 329 1002 3007 328 1002 3008 329 1003 3009 331 1003 3010 330 1003 3011 331 1004 3012 333 1004 3013 332 1004 3014 633 1005 3015 635 1005 3016 334 1005 3017 333 1006 3018 335 1006 3019 632 1006 3020 335 1007 3021 634 1007 3022 632 1007 3023 633 1008 3024 334 1008 3025 332 1008 3026 333 1009 3027 632 1009 3028 648 1009 3029 648 1010 3030 633 1010 3031 332 1010 3032 648 1011 3033 632 1011 3034 634 1011 3035 634 1012 3036 635 1012 3037 648 1012 3038 295 1013 3039 297 1013 3040 337 1013 3041 297 1014 3042 299 1014 3043 338 1014 3044 299 1015 3045 301 1015 3046 339 1015 3047 301 1016 3048 303 1016 3049 340 1016 3050 303 1017 3051 305 1017 3052 341 1017 3053 305 1018 3054 307 1018 3055 342 1018 3056 307 1019 3057 309 1019 3058 343 1019 3059 309 1020 3060 311 1020 3061 344 1020 3062 311 1021 3063 313 1021 3064 345 1021 3065 313 1022 3066 315 1022 3067 346 1022 3068 315 1023 3069 317 1023 3070 347 1023 3071 317 1024 3072 319 1024 3073 348 1024 3074 319 1025 3075 321 1025 3076 349 1025 3077 321 1026 3078 323 1026 3079 350 1026 3080 323 1027 3081 325 1027 3082 351 1027 3083 325 1028 3084 327 1028 3085 352 1028 3086 327 1029 3087 329 1029 3088 353 1029 3089 329 1030 3090 331 1030 3091 354 1030 3092 331 1031 3093 333 1031 3094 355 1031 3095 333 1032 3096 335 1032 3097 356 1032 3098 358 1033 3099 360 1033 3100 359 1033 3101 360 1034 3102 362 1034 3103 361 1034 3104 362 1035 3105 364 1035 3106 363 1035 3107 364 1036 3108 366 1036 3109 365 1036 3110 366 1037 3111 368 1037 3112 367 1037 3113 368 1038 3114 370 1038 3115 369 1038 3116 370 1039 3117 372 1039 3118 371 1039 3119 372 1040 3120 374 1040 3121 373 1040 3122 374 1041 3123 376 1041 3124 375 1041 3125 376 1042 3126 378 1042 3127 377 1042 3128 380 1043 3129 382 1043 3130 381 1043 3131 381 1044 3132 382 1044 3133 360 1044 3134 360 1045 3135 362 1045 3136 384 1045 3137 362 1046 3138 364 1046 3139 385 1046 3140 364 1047 3141 366 1047 3142 386 1047 3143 366 1048 3144 368 1048 3145 387 1048 3146 368 1049 3147 370 1049 3148 388 1049 3149 370 1050 3150 372 1050 3151 389 1050 3152 372 1051 3153 374 1051 3154 390 1051 3155 374 1052 3156 376 1052 3157 391 1052 3158 376 1053 3159 378 1053 3160 392 1053 3161 395 1054 3162 396 1054 3163 394 1054 3164 397 1055 3165 398 1055 3166 396 1055 3167 399 1056 3168 400 1056 3169 398 1056 3170 402 1057 3171 396 1057 3172 394 1057 3173 403 1058 3174 398 1058 3175 396 1058 3176 404 1059 3177 400 1059 3178 398 1059 3179 407 1060 3180 408 1060 3181 406 1060 3182 409 1061 3183 410 1061 3184 408 1061 3185 411 1062 3186 412 1062 3187 410 1062 3188 414 1063 3189 408 1063 3190 406 1063 3191 415 1064 3192 410 1064 3193 408 1064 3194 416 1065 3195 412 1065 3196 410 1065 3197 418 1066 3198 420 1066 3199 419 1066 3200 420 1067 3201 422 1067 3202 421 1067 3203 422 1068 3204 424 1068 3205 423 1068 3206 424 1069 3207 426 1069 3208 425 1069 3209 426 1070 3210 428 1070 3211 427 1070 3212 428 1071 3213 430 1071 3214 429 1071 3215 430 1072 3216 432 1072 3217 431 1072 3218 432 1073 3219 434 1073 3220 433 1073 3221 434 1074 3222 436 1074 3223 435 1074 3224 436 1075 3225 438 1075 3226 437 1075 3227 438 1076 3228 440 1076 3229 439 1076 3230 418 1077 3231 420 1077 3232 442 1077 3233 420 1078 3234 422 1078 3235 443 1078 3236 422 1079 3237 424 1079 3238 444 1079 3239 424 1080 3240 426 1080 3241 445 1080 3242 426 1081 3243 428 1081 3244 446 1081 3245 428 1082 3246 430 1082 3247 447 1082 3248 430 1083 3249 432 1083 3250 448 1083 3251 432 1084 3252 434 1084 3253 449 1084 3254 434 1085 3255 436 1085 3256 450 1085 3257 436 1086 3258 452 1086 3259 451 1086 3260 452 1087 3261 454 1087 3262 453 1087 3263 457 1088 3264 458 1088 3265 456 1088 3266 459 1089 3267 460 1089 3268 458 1089 3269 461 1090 3270 462 1090 3271 460 1090 3272 464 1091 3273 458 1091 3274 456 1091 3275 465 1092 3276 460 1092 3277 458 1092 3278 466 1093 3279 467 1093 3280 460 1093 3281 470 1094 3282 471 1094 3283 469 1094 3284 473 1095 3285 475 1095 3286 474 1095 3287 478 1096 3288 479 1096 3289 477 1096 3290 480 1097 3291 481 1097 3292 479 1097 3293 482 1098 3294 483 1098 3295 481 1098 3296 477 1099 3297 483 1099 3298 482 1099 3299 485 1100 3300 479 1100 3301 477 1100 3302 486 1101 3303 481 1101 3304 479 1101 3305 487 1102 3306 483 1102 3307 481 1102 3308 477 1103 3309 483 1103 3310 487 1103 3311 489 1104 3312 491 1104 3313 490 1104 3314 491 1105 3315 493 1105 3316 492 1105 3317 493 1106 3318 495 1106 3319 494 1106 3320 495 1107 3321 497 1107 3322 496 1107 3323 497 1108 3324 499 1108 3325 498 1108 3326 499 1109 3327 501 1109 3328 500 1109 3329 501 1110 3330 503 1110 3331 502 1110 3332 503 1111 3333 505 1111 3334 504 1111 3335 489 1112 3336 491 1112 3337 507 1112 3338 491 1113 3339 493 1113 3340 508 1113 3341 493 1114 3342 495 1114 3343 509 1114 3344 495 1115 3345 497 1115 3346 510 1115 3347 497 1116 3348 499 1116 3349 511 1116 3350 499 1117 3351 501 1117 3352 512 1117 3353 501 1118 3354 503 1118 3355 513 1118 3356 503 1119 3357 505 1119 3358 514 1119 3359 517 1120 3360 518 1120 3361 516 1120 3362 519 1121 3363 520 1121 3364 518 1121 3365 521 1122 3366 522 1122 3367 520 1122 3368 523 1123 3369 524 1123 3370 522 1123 3371 525 1124 3372 526 1124 3373 524 1124 3374 528 1125 3375 518 1125 3376 516 1125 3377 529 1126 3378 520 1126 3379 518 1126 3380 530 1127 3381 522 1127 3382 520 1127 3383 531 1128 3384 524 1128 3385 522 1128 3386 532 1129 3387 526 1129 3388 524 1129 3389 534 1130 3390 536 1130 3391 535 1130 3392 536 1131 3393 538 1131 3394 537 1131 3395 534 1132 3396 536 1132 3397 540 1132 3398 536 1133 3399 538 1133 3400 541 1133 3401 544 1134 3402 545 1134 3403 543 1134 3404 546 1135 3405 547 1135 3406 545 1135 3407 549 1136 3408 545 1136 3409 543 1136 3410 550 1137 3411 547 1137 3412 545 1137 3413 552 1138 3414 554 1138 3415 553 1138 3416 554 1139 3417 556 1139 3418 555 1139 3419 556 1140 3420 558 1140 3421 557 1140 3422 552 1141 3423 554 1141 3424 560 1141 3425 554 1142 3426 556 1142 3427 561 1142 3428 556 1143 3429 558 1143 3430 562 1143 3431 565 1144 3432 566 1144 3433 564 1144 3434 568 1145 3435 570 1145 3436 569 1145 3437 573 1146 3438 574 1146 3439 572 1146 3440 575 1147 3441 576 1147 3442 574 1147 3443 577 1148 3444 578 1148 3445 576 1148 3446 579 1149 3447 580 1149 3448 578 1149 3449 582 1150 3450 574 1150 3451 572 1150 3452 583 1151 3453 576 1151 3454 574 1151 3455 584 1152 3456 578 1152 3457 576 1152 3458 585 1153 3459 580 1153 3460 578 1153 3461 588 1154 3462 589 1154 3463 587 1154 3464 591 1155 3465 593 1155 3466 592 1155 3467 596 1156 3468 597 1156 3469 595 1156 3470 599 1157 3471 601 1157 3472 600 1157 3473 1 1158 3474 295 1158 3475 294 1158 3476 2 1159 3477 0 1159 3478 294 1159 3479 3 1160 3480 297 1160 3481 295 1160 3482 2 1161 3483 296 1161 3484 298 1161 3485 3 1162 3486 5 1162 3487 299 1162 3488 4 1163 3489 298 1163 3490 300 1163 3491 5 1164 3492 7 1164 3493 301 1164 3494 6 1165 3495 300 1165 3496 302 1165 3497 9 1166 3498 303 1166 3499 301 1166 3500 10 1167 3501 8 1167 3502 302 1167 3503 11 1168 3504 305 1168 3505 303 1168 3506 10 1169 3507 304 1169 3508 306 1169 3509 13 1170 3510 307 1170 3511 305 1170 3512 12 1171 3513 306 1171 3514 308 1171 3515 15 1172 3516 309 1172 3517 307 1172 3518 14 1173 3519 308 1173 3520 310 1173 3521 15 1174 3522 17 1174 3523 311 1174 3524 16 1175 3525 310 1175 3526 312 1175 3527 19 1176 3528 313 1176 3529 311 1176 3530 20 1177 3531 18 1177 3532 312 1177 3533 21 1178 3534 315 1178 3535 313 1178 3536 20 1179 3537 314 1179 3538 316 1179 3539 23 1180 3540 317 1180 3541 315 1180 3542 22 1181 3543 316 1181 3544 318 1181 3545 23 1182 3546 25 1182 3547 319 1182 3548 24 1183 3549 318 1183 3550 320 1183 3551 27 1184 3552 321 1184 3553 319 1184 3554 26 1185 3555 320 1185 3556 322 1185 3557 29 1186 3558 323 1186 3559 321 1186 3560 28 1187 3561 322 1187 3562 324 1187 3563 31 1188 3564 325 1188 3565 323 1188 3566 32 1189 3567 30 1189 3568 324 1189 3569 33 1190 3570 327 1190 3571 325 1190 3572 32 1191 3573 326 1191 3574 328 1191 3575 33 1192 3576 35 1192 3577 329 1192 3578 34 1193 3579 328 1193 3580 330 1193 3581 35 1194 3582 37 1194 3583 331 1194 3584 36 1195 3585 330 1195 3586 332 1195 3587 39 1196 3588 333 1196 3589 331 1196 3590 40 1197 3591 38 1197 3592 332 1197 3593 637 1198 3594 634 1198 3595 335 1198 3596 335 1199 3597 41 1199 3598 637 1199 3599 637 1200 3600 623 1200 3601 624 1200 3602 636 1201 3603 635 1201 3604 634 1201 3605 637 1202 3606 624 1202 3607 636 1202 3608 636 1203 3609 624 1203 3610 40 1203 3611 40 1204 3612 334 1204 3613 636 1204 3614 41 1205 3615 335 1205 3616 333 1205 3617 1 1206 3618 295 1206 3619 336 1206 3620 43 1207 3621 42 1207 3622 336 1207 3623 43 1208 3624 337 1208 3625 338 1208 3626 44 1209 3627 338 1209 3628 339 1209 3629 45 1210 3630 339 1210 3631 340 1210 3632 47 1211 3633 46 1211 3634 340 1211 3635 47 1212 3636 341 1212 3637 342 1212 3638 48 1213 3639 342 1213 3640 343 1213 3641 49 1214 3642 343 1214 3643 344 1214 3644 50 1215 3645 344 1215 3646 345 1215 3647 52 1216 3648 51 1216 3649 345 1216 3650 52 1217 3651 346 1217 3652 347 1217 3653 53 1218 3654 347 1218 3655 348 1218 3656 54 1219 3657 348 1219 3658 349 1219 3659 55 1220 3660 349 1220 3661 350 1220 3662 56 1221 3663 350 1221 3664 351 1221 3665 58 1222 3666 57 1222 3667 351 1222 3668 58 1223 3669 352 1223 3670 353 1223 3671 59 1224 3672 353 1224 3673 354 1224 3674 60 1225 3675 354 1225 3676 355 1225 3677 62 1226 3678 61 1226 3679 355 1226 3680 62 1227 3681 356 1227 3682 335 1227 3683 64 1228 3684 358 1228 3685 357 1228 3686 65 1229 3687 359 1229 3688 361 1229 3689 68 1230 3690 362 1230 3691 360 1230 3692 69 1231 3693 67 1231 3694 361 1231 3695 70 1232 3696 364 1232 3697 362 1232 3698 69 1233 3699 363 1233 3700 365 1233 3701 70 1234 3702 72 1234 3703 366 1234 3704 73 1235 3705 71 1235 3706 365 1235 3707 74 1236 3708 368 1236 3709 366 1236 3710 73 1237 3711 367 1237 3712 369 1237 3713 76 1238 3714 370 1238 3715 368 1238 3716 75 1239 3717 369 1239 3718 371 1239 3719 76 1240 3720 78 1240 3721 372 1240 3722 77 1241 3723 371 1241 3724 373 1241 3725 78 1242 3726 80 1242 3727 374 1242 3728 81 1243 3729 79 1243 3730 373 1243 3731 82 1244 3732 376 1244 3733 374 1244 3734 81 1245 3735 375 1245 3736 377 1245 3737 83 1246 3738 377 1246 3739 378 1246 3740 82 1247 3741 84 1247 3742 378 1247 3743 63 1248 3744 357 1248 3745 359 1248 3746 64 1249 3747 66 1249 3748 360 1249 3749 85 1250 3750 381 1250 3751 383 1250 3752 86 1251 3753 383 1251 3754 384 1251 3755 88 1252 3756 87 1252 3757 384 1252 3758 88 1253 3759 385 1253 3760 386 1253 3761 90 1254 3762 89 1254 3763 386 1254 3764 90 1255 3765 387 1255 3766 388 1255 3767 91 1256 3768 388 1256 3769 389 1256 3770 92 1257 3771 389 1257 3772 390 1257 3773 94 1258 3774 93 1258 3775 390 1258 3776 94 1259 3777 391 1259 3778 392 1259 3779 95 1260 3780 392 1260 3781 378 1260 3782 96 1261 3783 393 1261 3784 394 1261 3785 100 1262 3786 397 1262 3787 395 1262 3788 99 1263 3789 396 1263 3790 398 1263 3791 102 1264 3792 399 1264 3793 397 1264 3794 103 1265 3795 400 1265 3796 399 1265 3797 103 1266 3798 101 1266 3799 398 1266 3800 104 1267 3801 401 1267 3802 394 1267 3803 106 1268 3804 403 1268 3805 402 1268 3806 107 1269 3807 404 1269 3808 403 1269 3809 103 1270 3810 400 1270 3811 404 1270 3812 108 1271 3813 405 1271 3814 406 1271 3815 110 1272 3816 407 1272 3817 405 1272 3818 111 1273 3819 109 1273 3820 406 1273 3821 110 1274 3822 112 1274 3823 409 1274 3824 111 1275 3825 408 1275 3826 410 1275 3827 114 1276 3828 411 1276 3829 409 1276 3830 115 1277 3831 412 1277 3832 411 1277 3833 115 1278 3834 113 1278 3835 410 1278 3836 116 1279 3837 413 1279 3838 406 1279 3839 117 1280 3840 414 1280 3841 413 1280 3842 117 1281 3843 118 1281 3844 415 1281 3845 119 1282 3846 416 1282 3847 415 1282 3848 115 1283 3849 412 1283 3850 416 1283 3851 121 1284 3852 418 1284 3853 417 1284 3854 120 1285 3855 417 1285 3856 419 1285 3857 121 1286 3858 123 1286 3859 420 1286 3860 124 1287 3861 122 1287 3862 419 1287 3863 125 1288 3864 422 1288 3865 420 1288 3866 124 1289 3867 421 1289 3868 423 1289 3869 125 1290 3870 127 1290 3871 424 1290 3872 128 1291 3873 126 1291 3874 423 1291 3875 129 1292 3876 426 1292 3877 424 1292 3878 128 1293 3879 425 1293 3880 427 1293 3881 131 1294 3882 428 1294 3883 426 1294 3884 130 1295 3885 427 1295 3886 429 1295 3887 131 1296 3888 133 1296 3889 430 1296 3890 132 1297 3891 429 1297 3892 431 1297 3893 135 1298 3894 432 1298 3895 430 1298 3896 136 1299 3897 134 1299 3898 431 1299 3899 137 1300 3900 434 1300 3901 432 1300 3902 136 1301 3903 433 1301 3904 435 1301 3905 139 1302 3906 436 1302 3907 434 1302 3908 138 1303 3909 435 1303 3910 437 1303 3911 141 1304 3912 438 1304 3913 436 1304 3914 140 1305 3915 437 1305 3916 439 1305 3917 142 1306 3918 439 1306 3919 440 1306 3920 141 1307 3921 143 1307 3922 440 1307 3923 121 1308 3924 418 1308 3925 441 1308 3926 144 1309 3927 441 1309 3928 442 1309 3929 146 1310 3930 145 1310 3931 442 1310 3932 146 1311 3933 443 1311 3934 444 1311 3935 148 1312 3936 147 1312 3937 444 1312 3938 148 1313 3939 445 1313 3940 446 1313 3941 149 1314 3942 446 1314 3943 447 1314 3944 150 1315 3945 447 1315 3946 448 1315 3947 152 1316 3948 151 1316 3949 448 1316 3950 152 1317 3951 449 1317 3952 450 1317 3953 153 1318 3954 450 1318 3955 451 1318 3956 141 1319 3957 452 1319 3958 436 1319 3959 154 1320 3960 451 1320 3961 453 1320 3962 155 1321 3963 453 1321 3964 454 1321 3965 141 1322 3966 143 1322 3967 454 1322 3968 156 1323 3969 455 1323 3970 456 1323 3971 160 1324 3972 459 1324 3973 457 1324 3974 161 1325 3975 159 1325 3976 458 1325 3977 162 1326 3978 461 1326 3979 459 1326 3980 163 1327 3981 462 1327 3982 461 1327 3983 163 1328 3984 161 1328 3985 460 1328 3986 164 1329 3987 463 1329 3988 456 1329 3989 166 1330 3990 465 1330 3991 464 1330 3992 167 1331 3993 466 1331 3994 465 1331 3995 163 1332 3996 467 1332 3997 466 1332 3998 168 1333 3999 468 1333 4000 469 1333 4001 170 1334 4002 470 1334 4003 468 1334 4004 171 1335 4005 471 1335 4006 470 1335 4007 169 1336 4008 469 1336 4009 471 1336 4010 169 1337 4011 473 1337 4012 472 1337 4013 172 1338 4014 472 1338 4015 474 1338 4016 173 1339 4017 474 1339 4018 475 1339 4019 171 1340 4020 475 1340 4021 473 1340 4022 174 1341 4023 176 1341 4024 478 1341 4025 175 1342 4026 477 1342 4027 479 1342 4028 178 1343 4029 480 1343 4030 478 1343 4031 179 1344 4032 177 1344 4033 479 1344 4034 178 1345 4035 180 1345 4036 482 1345 4037 179 1346 4038 481 1346 4039 483 1346 4040 174 1347 4041 476 1347 4042 482 1347 4043 175 1348 4044 181 1348 4045 483 1348 4046 182 1349 4047 183 1349 4048 485 1349 4049 184 1350 4050 486 1350 4051 485 1350 4052 184 1351 4053 185 1351 4054 487 1351 4055 182 1352 4056 484 1352 4057 487 1352 4058 187 1353 4059 489 1353 4060 488 1353 4061 188 1354 4062 186 1354 4063 488 1354 4064 189 1355 4065 491 1355 4066 489 1355 4067 188 1356 4068 490 1356 4069 492 1356 4070 189 1357 4071 191 1357 4072 493 1357 4073 192 1358 4074 190 1358 4075 492 1358 4076 193 1359 4077 495 1359 4078 493 1359 4079 194 1360 4080 192 1360 4081 494 1360 4082 195 1361 4083 497 1361 4084 495 1361 4085 196 1362 4086 194 1362 4087 496 1362 4088 197 1363 4089 499 1363 4090 497 1363 4091 196 1364 4092 498 1364 4093 500 1364 4094 197 1365 4095 199 1365 4096 501 1365 4097 198 1366 4098 500 1366 4099 502 1366 4100 201 1367 4101 503 1367 4102 501 1367 4103 202 1368 4104 200 1368 4105 502 1368 4106 202 1369 4107 504 1369 4108 505 1369 4109 203 1370 4110 505 1370 4111 503 1370 4112 187 1371 4113 489 1371 4114 506 1371 4115 205 1372 4116 204 1372 4117 506 1372 4118 205 1373 4119 507 1373 4120 508 1373 4121 207 1374 4122 206 1374 4123 508 1374 4124 208 1375 4125 207 1375 4126 509 1375 4127 209 1376 4128 208 1376 4129 510 1376 4130 209 1377 4131 511 1377 4132 512 1377 4133 210 1378 4134 512 1378 4135 513 1378 4136 212 1379 4137 211 1379 4138 513 1379 4139 212 1380 4140 514 1380 4141 505 1380 4142 213 1381 4143 515 1381 4144 516 1381 4145 215 1382 4146 517 1382 4147 515 1382 4148 216 1383 4149 214 1383 4150 516 1383 4151 215 1384 4152 217 1384 4153 519 1384 4154 216 1385 4155 518 1385 4156 520 1385 4157 219 1386 4158 521 1386 4159 519 1386 4160 218 1387 4161 520 1387 4162 522 1387 4163 221 1388 4164 523 1388 4165 521 1388 4166 222 1389 4167 220 1389 4168 522 1389 4169 223 1390 4170 525 1390 4171 523 1390 4172 224 1391 4173 526 1391 4174 525 1391 4175 224 1392 4176 222 1392 4177 524 1392 4178 225 1393 4179 527 1393 4180 516 1393 4181 226 1394 4182 528 1394 4183 527 1394 4184 226 1395 4185 227 1395 4186 529 1395 4187 228 1396 4188 530 1396 4189 529 1396 4190 229 1397 4191 531 1397 4192 530 1397 4193 230 1398 4194 532 1398 4195 531 1398 4196 224 1399 4197 526 1399 4198 532 1399 4199 232 1400 4200 534 1400 4201 533 1400 4202 231 1401 4203 533 1401 4204 535 1401 4205 232 1402 4206 234 1402 4207 536 1402 4208 235 1403 4209 233 1403 4210 535 1403 4211 235 1404 4212 537 1404 4213 538 1404 4214 236 1405 4215 538 1405 4216 536 1405 4217 232 1406 4218 534 1406 4219 539 1406 4220 237 1407 4221 539 1407 4222 540 1407 4223 239 1408 4224 238 1408 4225 540 1408 4226 239 1409 4227 541 1409 4228 538 1409 4229 240 1410 4230 542 1410 4231 543 1410 4232 240 1411 4233 242 1411 4234 544 1411 4235 241 1412 4236 543 1412 4237 545 1412 4238 244 1413 4239 546 1413 4240 544 1413 4241 245 1414 4242 547 1414 4243 546 1414 4244 245 1415 4245 243 1415 4246 545 1415 4247 246 1416 4248 548 1416 4249 543 1416 4250 246 1417 4251 247 1417 4252 549 1417 4253 248 1418 4254 550 1418 4255 549 1418 4256 245 1419 4257 547 1419 4258 550 1419 4259 250 1420 4260 552 1420 4261 551 1420 4262 251 1421 4263 553 1421 4264 555 1421 4265 254 1422 4266 556 1422 4267 554 1422 4268 255 1423 4269 253 1423 4270 555 1423 4271 255 1424 4272 557 1424 4273 558 1424 4274 256 1425 4275 558 1425 4276 556 1425 4277 250 1426 4278 552 1426 4279 559 1426 4280 258 1427 4281 560 1427 4282 561 1427 4283 260 1428 4284 259 1428 4285 561 1428 4286 260 1429 4287 562 1429 4288 558 1429 4289 261 1430 4290 563 1430 4291 564 1430 4292 263 1431 4293 565 1431 4294 563 1431 4295 264 1432 4296 566 1432 4297 565 1432 4298 262 1433 4299 564 1433 4300 566 1433 4301 262 1434 4302 568 1434 4303 567 1434 4304 265 1435 4305 567 1435 4306 569 1435 4307 266 1436 4308 569 1436 4309 570 1436 4310 264 1437 4311 570 1437 4312 568 1437 4313 267 1438 4314 571 1438 4315 572 1438 4316 267 1439 4317 269 1439 4318 573 1439 4319 268 1440 4320 572 1440 4321 574 1440 4322 271 1441 4323 575 1441 4324 573 1441 4325 272 1442 4326 270 1442 4327 574 1442 4328 273 1443 4329 577 1443 4330 575 1443 4331 272 1444 4332 576 1444 4333 578 1444 4334 275 1445 4335 579 1445 4336 577 1445 4337 276 1446 4338 580 1446 4339 579 1446 4340 276 1447 4341 274 1447 4342 578 1447 4343 277 1448 4344 581 1448 4345 572 1448 4346 277 1449 4347 278 1449 4348 582 1449 4349 279 1450 4350 583 1450 4351 582 1450 4352 280 1451 4353 584 1451 4354 583 1451 4355 281 1452 4356 585 1452 4357 584 1452 4358 276 1453 4359 580 1453 4360 585 1453 4361 282 1454 4362 586 1454 4363 587 1454 4364 284 1455 4365 588 1455 4366 586 1455 4367 285 1456 4368 589 1456 4369 588 1456 4370 283 1457 4371 587 1457 4372 589 1457 4373 283 1458 4374 591 1458 4375 590 1458 4376 286 1459 4377 590 1459 4378 592 1459 4379 287 1460 4380 592 1460 4381 593 1460 4382 285 1461 4383 593 1461 4384 591 1461 4385 288 1462 4386 594 1462 4387 595 1462 4388 290 1463 4389 596 1463 4390 594 1463 4391 291 1464 4392 597 1464 4393 596 1464 4394 289 1465 4395 595 1465 4396 597 1465 4397 289 1466 4398 599 1466 4399 598 1466 4400 292 1467 4401 598 1467 4402 600 1467 4403 293 1468 4404 600 1468 4405 601 1468 4406 291 1469 4407 601 1469 4408 599 1469 4409 605 1470 4410 607 1470 4411 609 1470 4412 604 1471 4413 602 1471 4414 608 1471 4415 604 1472 4416 606 1472 4417 607 1472 4418 609 1473 4419 608 1473 4420 602 1473 4421 611 1474 4422 616 1474 4423 617 1474 4424 610 1475 4425 612 1475 4426 614 1475 4427 610 1476 4428 615 1476 4429 616 1476 4430 617 1477 4431 614 1477 4432 612 1477 4433 646 1478 4434 631 1478 4435 621 1478 4436 642 1479 4437 620 1479 4438 628 1479 4439 627 1480 4440 647 1480 4441 644 1480 4442 626 1481 4443 647 1481 4444 648 1481 4445 647 1482 4446 627 1482 4447 633 1482 4448 622 1483 4449 644 1483 4450 643 1483 4451 644 1484 4452 625 1484 4453 618 1484 4454 625 1485 4455 644 1485 4456 647 1485 4457 637 1486 4458 623 1486 4459 625 1486 4460 625 1487 4461 626 1487 4462 637 1487 4463 626 1488 4464 632 1488 4465 634 1488 4466 628 1489 4467 620 1489 4468 666 1489 4469 658 1490 4470 618 1490 4471 623 1490 4472 618 1491 4473 625 1491 4474 623 1491 4475 638 1492 4476 660 1492 4477 637 1492 4478 660 1493 4479 658 1493 4480 637 1493 4481 627 1494 4482 639 1494 4483 635 1494 4484 636 1495 4485 639 1495 4486 627 1495 4487 627 1496 4488 622 1496 4489 636 1496 4490 630 1497 4491 639 1497 4492 636 1497 4493 624 1498 4494 622 1498 4495 619 1498 4496 630 1499 4497 636 1499 4498 624 1499 4499 655 1500 4500 663 1500 4501 630 1500 4502 624 1501 4503 619 1501 4504 655 1501 4505 631 1502 4506 665 1502 4507 659 1502 4508 668 1503 4509 652 1503 4510 649 1503 4511 649 1504 4512 666 1504 4513 668 1504 4514 666 1505 4515 656 1505 4516 668 1505 4517 640 1506 4518 652 1506 4519 668 1506 4520 658 1507 4521 660 1507 4522 629 1507 4523 658 1508 4524 629 1508 4525 670 1508 4526 652 1509 4527 640 1509 4528 658 1509 4529 654 1510 4530 652 1510 4531 658 1510 4532 658 1511 4533 670 1511 4534 653 1511 4535 653 1512 4536 650 1512 4537 669 1512 4538 669 1513 4539 662 1513 4540 661 1513 4541 661 1514 4542 666 1514 4543 649 1514 4544 654 1515 4545 658 1515 4546 669 1515 4547 658 1516 4548 653 1516 4549 669 1516 4550 661 1517 4551 649 1517 4552 654 1517 4553 629 1518 4554 662 1518 4555 651 1518 4556 662 1519 4557 669 1519 4558 650 1519 4559 667 1520 4560 645 1520 4561 641 1520 4562 641 1521 4563 659 1521 4564 667 1521 4565 659 1522 4566 665 1522 4567 664 1522 4568 641 1523 4569 645 1523 4570 663 1523 4571 672 1524 4572 677 1524 4573 676 1524 4574 671 1525 4575 673 1525 4576 675 1525 4577 674 1526 4578 676 1526 4579 675 1526 4580 672 1527 4581 671 1527 4582 678 1527 4583 682 1528 4584 679 1528 4585 685 1528 4586 680 1529 4587 681 1529 4588 683 1529 4589 681 1530 4590 682 1530 4591 686 1530 4592 679 1531 4593 680 1531 4594 684 1531 4595 689 1532 4596 690 1532 4597 694 1532 4598 687 1533 4599 688 1533 4600 691 1533 4601 689 1534 4602 693 1534 4603 691 1534 4604 692 1535 4605 694 1535 4606 690 1535 4607</p>
        </triangles>
      </mesh>
    </geometry>
  </library_geometries>
  <library_visual_scenes>
    <visual_scene id="Scene" name="Scene">
      <node id="Room_018" name="Room.018" type="NODE">
        <matrix sid="transform">1 0 0 0 0 1 0 0 0 0 1 0 0 0 0 1</matrix>
        <instance_geometry url="#Room_019-mesh" name="Room.018">
          <bind_material>
            <technique_common>
              <instance_material symbol="Material_007-material" target="#Material_007-material">
                <bind_vertex_input semantic="UVMap" input_semantic="TEXCOORD" input_set="0"/>
              </instance_material>
            </technique_common>
          </bind_material>
        </instance_geometry>
      </node>
    </visual_scene>
  </library_visual_scenes>
  <scene>
    <instance_visual_scene url="#Scene"/>
  </scene>
</COLLADA>
